uniprot_id,drug_chembl_id,true_label,predicted_label,prediction_probability
P31645,CHEMBL322923,0,0,0.0003587212
P31645,CHEMBL435341,1,1,0.99938345
P31645,CHEMBL311347,1,1,0.9986621
P31645,CHEMBL100941,1,1,0.999997
P31645,CHEMBL174088,1,1,1.0
P31645,CHEMBL87031,1,1,0.98729634
P31645,CHEMBL316342,1,1,0.99949026
P31645,CHEMBL106939,1,1,1.0
P31645,CHEMBL295467,1,1,0.9999994
P31645,CHEMBL169429,0,0,0.46282828
P31645,CHEMBL14370,1,0,0.004075054
P31645,CHEMBL367408,1,1,0.99999297
P31645,CHEMBL88915,1,1,0.60580844
P31645,CHEMBL104673,1,1,0.9999949
P31645,CHEMBL107077,1,1,0.99996173
P31645,CHEMBL432394,1,1,1.0
P31645,CHEMBL173344,1,1,0.9998386
P31645,CHEMBL173427,1,1,1.0
P31645,CHEMBL353333,1,1,1.0
P31645,CHEMBL169471,1,1,1.0
P31645,CHEMBL173594,1,1,0.99938345
P31645,CHEMBL370805,1,1,0.92642194
P31645,CHEMBL41,1,1,0.9999957
P31645,CHEMBL555280,0,0,8.375821e-06
P31645,CHEMBL540333,1,0,0.0042488817
P31645,CHEMBL623,1,1,0.9999459
P31645,CHEMBL641,1,1,1.0
P31645,CHEMBL544633,1,1,1.0
P31645,CHEMBL637,1,1,0.99709153
P31645,CHEMBL539050,1,1,1.0
P31645,CHEMBL490,1,1,0.9999999
P31645,CHEMBL809,1,1,0.9999999
P31645,CHEMBL543925,1,1,1.0
P31645,CHEMBL542501,1,1,0.9997149
P31645,CHEMBL539054,1,1,0.99998605
P31645,CHEMBL556025,1,1,0.9999732
P31645,CHEMBL539564,1,1,0.9999994
P31645,CHEMBL306700,0,0,1.3444197e-05
P31645,CHEMBL538053,1,1,0.88145167
P31645,CHEMBL542746,0,0,7.685767e-05
P31645,CHEMBL545557,1,1,0.9999957
P31645,CHEMBL268258,1,0,0.018710632
P31645,CHEMBL75342,1,0,0.018710604
P31645,CHEMBL342055,1,0,0.08147285
P31645,CHEMBL357322,0,0,9.162662e-05
P31645,CHEMBL347772,0,0,0.00016121127
P31645,CHEMBL150045,0,0,0.00010192322
P31645,CHEMBL149246,0,0,1.8557197e-05
P31645,CHEMBL357312,0,0,0.00029313544
P31645,CHEMBL149878,0,0,0.00064664596
P31645,CHEMBL2079586,1,0,0.20642348
P31645,CHEMBL1201203,0,0,0.002640884
P31645,CHEMBL151894,1,1,0.9998652
P31645,CHEMBL607377,0,0,3.0314784e-06
P31645,CHEMBL147071,1,1,0.99998844
P31645,CHEMBL359447,0,1,1.0
P31645,CHEMBL151420,1,1,0.9999589
P31645,CHEMBL443762,0,1,1.0
P31645,CHEMBL607430,0,0,3.0314727e-06
P31645,CHEMBL151695,1,1,0.9999846
P31645,CHEMBL147503,1,1,0.99990666
P31645,CHEMBL310650,0,0,3.0314784e-06
P31645,CHEMBL281350,0,1,0.64536285
P31645,CHEMBL607431,0,0,3.0314784e-06
P31645,CHEMBL146735,1,1,0.9999716
P31645,CHEMBL15928,1,1,0.5944047
P31645,CHEMBL422504,1,1,0.99986064
P31645,CHEMBL300226,1,1,0.9986621
P31645,CHEMBL132683,0,0,0.00035933033
P31645,CHEMBL544370,1,1,0.9999981
P31645,CHEMBL417049,0,1,0.9873656
P31645,CHEMBL26320,0,1,0.9996524
P31645,CHEMBL336100,1,1,0.9999951
P31645,CHEMBL544216,1,1,0.9997222
P31645,CHEMBL781,1,1,0.99999976
P31645,CHEMBL284004,1,1,0.8073992
P31645,CHEMBL133070,1,1,0.9900624
P31645,CHEMBL67024,1,1,0.9999963
P28335,CHEMBL55969,1,1,1.0
P28335,CHEMBL53939,1,1,1.0
P28335,CHEMBL293597,1,1,1.0
P28335,CHEMBL54719,1,1,1.0
P28335,CHEMBL55914,1,1,1.0
P28335,CHEMBL292759,1,1,0.69012624
P28335,CHEMBL55344,1,1,1.0
P28335,CHEMBL55784,1,1,1.0
P28335,CHEMBL29846,1,1,0.6936082
P28335,CHEMBL52592,1,1,1.0
P28335,CHEMBL291949,1,1,1.0
P28335,CHEMBL300618,1,1,0.9999999
P28335,CHEMBL52783,1,1,0.9999988
P28335,CHEMBL55597,1,1,1.0
P28335,CHEMBL293937,1,1,1.0
P28335,CHEMBL54707,1,1,1.0
P28335,CHEMBL542139,0,0,0.39430654
P28335,CHEMBL55335,1,1,1.0
P28335,CHEMBL55388,1,1,0.9999999
P28335,CHEMBL56405,1,1,0.9999999
P28335,CHEMBL54484,1,1,1.0
P28335,CHEMBL53063,1,1,1.0
P28335,CHEMBL301409,1,1,1.0
P28335,CHEMBL432879,1,1,1.0
P28335,CHEMBL171774,1,1,0.9999975
P28335,CHEMBL300209,0,0,5.7401823e-05
P28335,CHEMBL54265,1,1,0.9999347
P28335,CHEMBL53764,0,0,0.00020376398
P28335,CHEMBL355474,1,1,1.0
P28335,CHEMBL299213,0,0,1.0659368e-08
P28335,CHEMBL53128,0,0,3.706516e-05
P28335,CHEMBL53467,1,1,0.9999981
P28335,CHEMBL128,0,0,0.08077242
P28335,CHEMBL52912,0,0,0.00017602566
P28335,CHEMBL54103,0,0,0.000605344
P28335,CHEMBL52264,0,0,1.1174436e-05
P28335,CHEMBL170319,1,1,1.0
P28335,CHEMBL172159,1,1,0.9999989
P28335,CHEMBL353998,1,1,0.99999857
P28335,CHEMBL905,0,0,0.005619941
P28335,CHEMBL53485,0,0,0.00022165844
P28335,CHEMBL170854,1,0,0.4829448
P28335,CHEMBL50834,0,0,9.888605e-07
P28335,CHEMBL298544,0,0,1.2249914e-06
P28335,CHEMBL53349,0,0,0.00022659656
P28335,CHEMBL39243,0,0,5.9218823e-05
P28335,CHEMBL281350,1,0,0.49782878
P28335,CHEMBL76307,1,1,0.99994373
P28335,CHEMBL451543,1,1,1.0
P28335,CHEMBL80862,1,1,0.9999138
P28335,CHEMBL87026,1,1,0.9675405
P28335,CHEMBL42,1,1,0.99999905
P28335,CHEMBL80246,1,1,0.9999999
P28335,CHEMBL80731,1,1,0.9999999
P28335,CHEMBL267930,0,0,0.2574378
P28335,CHEMBL18785,1,1,0.9999999
P28335,CHEMBL452861,0,0,1.7145366e-07
P28335,CHEMBL18786,1,1,0.99996924
P28335,CHEMBL155486,1,1,0.99999774
P28335,CHEMBL111352,1,1,1.0
P28335,CHEMBL500,0,0,1.8235088e-09
P28335,CHEMBL29433,1,1,0.6822582
P28335,CHEMBL282971,1,1,0.6822582
P28335,CHEMBL310153,0,0,2.767315e-06
P28335,CHEMBL85,1,1,1.0
P28335,CHEMBL12314,1,1,0.9999534
P28335,CHEMBL163012,1,1,0.9999999
P28335,CHEMBL95112,0,0,0.0038970064
P28335,CHEMBL309760,1,1,0.9999386
P28335,CHEMBL163180,0,0,4.4726104e-07
P28335,CHEMBL109548,0,0,0.029074749
P28335,CHEMBL109528,1,0,0.0019130082
P28335,CHEMBL263790,1,1,1.0
P28335,CHEMBL142316,0,0,1.5129104e-05
P28335,CHEMBL76301,1,1,1.0
P28335,CHEMBL51,1,1,0.513649
P28335,CHEMBL87458,1,1,0.9999993
P28335,CHEMBL110847,1,0,8.763378e-06
P28335,CHEMBL42024,1,1,0.99982256
P28335,CHEMBL76781,1,1,0.9999995
P28335,CHEMBL18840,1,1,1.0
P28335,CHEMBL358895,0,0,1.1343903e-06
P28335,CHEMBL121744,0,0,2.5033153e-06
P08913,CHEMBL836,1,1,0.9999987
P08913,CHEMBL134,1,1,0.99999964
P08913,CHEMBL298936,1,1,1.0
P08913,CHEMBL49137,1,1,1.0
P08913,CHEMBL49284,1,1,1.0
P08913,CHEMBL40650,1,1,0.9999062
P08913,CHEMBL611,0,1,0.647647
P08913,CHEMBL647,1,1,1.0
P08913,CHEMBL92221,1,1,0.9999988
P08913,CHEMBL27251,1,1,0.9999987
P08913,CHEMBL281350,1,1,0.872989
P08913,CHEMBL30739,1,1,1.0
P08913,CHEMBL30534,1,1,1.0
P08913,CHEMBL30955,1,1,1.0
P08913,CHEMBL286246,1,1,1.0
P08913,CHEMBL284795,1,1,1.0
P08913,CHEMBL284213,1,1,1.0
P08913,CHEMBL407509,1,1,0.9999969
P08913,CHEMBL353972,1,1,0.9998666
P08913,CHEMBL167644,1,1,1.0
P08913,CHEMBL168168,1,1,1.0
P08913,CHEMBL354611,1,1,1.0
P08913,CHEMBL353843,1,1,0.9999819
P08913,CHEMBL41,1,1,0.9999993
P08913,CHEMBL165529,1,1,1.0
P08913,CHEMBL353139,1,1,0.9999995
P08913,CHEMBL262777,1,1,1.0
P08913,CHEMBL353200,1,1,1.0
P08913,CHEMBL436234,1,1,1.0
P08913,CHEMBL96467,1,1,0.99999976
P08913,CHEMBL353212,1,1,0.9999999
P08913,CHEMBL555190,1,1,0.9997719
P08913,CHEMBL268758,1,1,0.9999988
P08913,CHEMBL551711,1,1,0.9997719
P08913,CHEMBL538808,1,1,0.9997719
P08913,CHEMBL540594,1,1,0.9995933
P08913,CHEMBL539824,1,1,0.9997719
P08913,CHEMBL554019,1,1,0.9997719
P08913,CHEMBL539606,1,1,0.9997719
P08913,CHEMBL542520,1,1,0.90558404
P08913,CHEMBL543232,1,1,0.9997719
P08913,CHEMBL13856,1,1,1.0
P08913,CHEMBL15245,1,1,0.999944
P08913,CHEMBL542527,1,1,0.9997719
P08913,CHEMBL707,1,1,0.9894271
P08913,CHEMBL315392,1,1,0.99008816
P08913,CHEMBL88448,1,1,0.9999963
P08913,CHEMBL279516,0,1,0.5700113
P08913,CHEMBL314960,0,1,0.53810745
P08913,CHEMBL327931,1,1,1.0
P08913,CHEMBL315538,0,0,0.013717835
P08913,CHEMBL91956,1,1,0.9999999
P08913,CHEMBL313160,1,1,0.9999994
P08913,CHEMBL420060,1,1,0.9999995
P08913,CHEMBL89243,1,1,0.9998599
P08913,CHEMBL92322,0,1,0.5214285
P08913,CHEMBL5483012,0,1,0.58510625
P08913,CHEMBL327775,1,1,0.9999858
P08913,CHEMBL88628,0,0,0.4361897
P08913,CHEMBL25554,1,1,0.99998224
P08913,CHEMBL597,1,1,0.9999933
P08913,CHEMBL313251,0,0,0.48226282
P08913,CHEMBL114166,1,1,0.9999999
P08913,CHEMBL327712,1,1,0.9914219
P08913,CHEMBL91415,0,0,0.43283385
P08913,CHEMBL2,0,1,0.63256246
P08913,CHEMBL91022,1,1,1.0
P08913,CHEMBL284103,1,1,0.9998952
P08913,CHEMBL313953,1,1,0.99999917
P08913,CHEMBL88388,1,1,0.9999784
P08913,CHEMBL279436,1,1,0.99999976
P08913,CHEMBL315914,0,0,0.39972717
P08913,CHEMBL312871,1,1,0.99962914
P08913,CHEMBL69733,1,1,0.6164092
P08913,CHEMBL91550,1,1,1.0
P08913,CHEMBL89685,1,1,0.9999994
P08913,CHEMBL284470,1,1,0.99999833
P08913,CHEMBL81485,1,1,0.9999838
P08913,CHEMBL83658,1,0,0.4949395
P08913,CHEMBL313189,1,1,0.9994411
P08913,CHEMBL6437,1,1,0.9438044
P08913,CHEMBL1076,0,0,0.00043241086
P08913,CHEMBL111496,1,1,0.9999927
P08913,CHEMBL109848,1,1,0.99997926
P08913,CHEMBL61006,1,1,0.999736
P08913,CHEMBL323402,1,1,1.0
P08913,CHEMBL111554,1,1,0.99997973
P08913,CHEMBL109783,1,1,0.9994604
P08913,CHEMBL111771,1,1,0.9998541
P08913,CHEMBL326702,1,1,0.9999534
P08913,CHEMBL317912,1,1,0.9999914
P08913,CHEMBL327116,1,1,1.0
P08913,CHEMBL108804,1,1,0.9999894
P08913,CHEMBL110751,1,1,0.9999964
P08913,CHEMBL111463,1,1,0.9999783
P18089,CHEMBL30739,1,1,0.99999774
P18089,CHEMBL30534,1,1,0.9999999
P18089,CHEMBL30955,1,1,1.0
P18089,CHEMBL286246,1,1,0.9999995
P18089,CHEMBL284795,1,1,1.0
P18089,CHEMBL284213,1,1,0.9999982
P18089,CHEMBL96467,1,1,0.99996555
P18089,CHEMBL555190,1,1,0.97197735
P18089,CHEMBL551711,1,1,0.97197735
P18089,CHEMBL538808,1,1,0.97197735
P18089,CHEMBL540594,1,1,0.94485533
P18089,CHEMBL539824,1,1,0.97197735
P18089,CHEMBL554019,1,1,0.97197735
P18089,CHEMBL539606,1,1,0.97197735
P18089,CHEMBL542520,0,0,0.13846552
P18089,CHEMBL543232,1,1,0.97197735
P18089,CHEMBL15245,1,1,0.99444526
P18089,CHEMBL542527,1,1,0.97197735
P18089,CHEMBL707,0,0,0.00066223275
P18089,CHEMBL315392,0,0,0.004728735
P18089,CHEMBL88448,1,1,0.9997365
P18089,CHEMBL279516,1,0,0.017754044
P18089,CHEMBL314960,0,1,0.5621527
P18089,CHEMBL327931,1,1,1.0
P18089,CHEMBL315538,0,0,0.000118039585
P18089,CHEMBL91956,1,1,0.99997795
P18089,CHEMBL313160,1,1,0.9998802
P18089,CHEMBL420060,1,1,0.99971026
P18089,CHEMBL89243,0,1,0.99632394
P18089,CHEMBL92322,1,1,0.6422007
P18089,CHEMBL5483012,1,1,0.69050145
P18089,CHEMBL327775,1,1,0.99952507
P18089,CHEMBL88628,1,1,0.62958837
P18089,CHEMBL25554,1,1,0.85715806
P18089,CHEMBL597,1,1,0.636592
P18089,CHEMBL313251,1,1,0.6685077
P18089,CHEMBL114166,1,1,0.9997842
P18089,CHEMBL611,1,1,0.6711994
P18089,CHEMBL327712,0,0,0.011008535
P18089,CHEMBL91415,1,1,0.62734616
P18089,CHEMBL2,1,1,0.6545611
P18089,CHEMBL91022,1,1,0.99999976
P18089,CHEMBL284103,1,1,0.9973847
P18089,CHEMBL313953,1,1,0.9999459
P18089,CHEMBL88388,1,1,0.9996872
P18089,CHEMBL279436,1,1,0.9999844
P18089,CHEMBL315914,1,1,0.58818156
P18089,CHEMBL312871,1,1,0.9976553
P18089,CHEMBL69733,0,1,0.61864394
P18089,CHEMBL91550,1,1,1.0
P18089,CHEMBL89685,1,1,0.9999536
P18089,CHEMBL284470,1,1,0.99988425
P18089,CHEMBL294649,0,0,4.938977e-07
P18089,CHEMBL25467,1,1,1.0
P18089,CHEMBL123448,1,1,1.0
P18089,CHEMBL298612,0,0,4.938986e-07
P18089,CHEMBL3392246,1,1,0.6671216
P18089,CHEMBL405355,0,0,0.002493336
P18089,CHEMBL122404,1,1,0.873629
P18089,CHEMBL3392247,0,0,0.0015194642
P18089,CHEMBL123138,1,1,1.0
P18089,CHEMBL10347,1,1,0.99444526
P18089,CHEMBL123349,1,1,0.9998839
P18089,CHEMBL31410,1,1,0.99444526
P18089,CHEMBL71479,0,0,3.0824523e-10
P18089,CHEMBL70740,0,0,1.9676596e-09
P18089,CHEMBL74114,0,0,1.9191162e-08
P18089,CHEMBL544290,0,0,3.3740288e-09
P18089,CHEMBL70692,0,0,0.0015628077
P18089,CHEMBL540035,0,0,0.0038313607
P18089,CHEMBL306792,1,1,1.0
P18089,CHEMBL74467,0,0,3.5408076e-11
P18089,CHEMBL70973,0,0,4.3416595e-10
P18089,CHEMBL70634,0,0,1.7937832e-09
P18089,CHEMBL553276,0,0,0.00023901046
P18089,CHEMBL419448,0,0,0.019805951
P18089,CHEMBL70691,0,0,0.0038906399
P18089,CHEMBL70751,1,1,0.99991655
P18089,CHEMBL72724,0,0,0.023133393
P18089,CHEMBL71001,0,0,1.16089026e-07
P18089,CHEMBL554416,0,0,9.5625695e-11
P18089,CHEMBL302698,0,0,3.9341558e-10
P18089,CHEMBL74071,0,0,0.0005785277
P18089,CHEMBL70563,0,0,3.9980011e-07
P18089,CHEMBL72441,1,1,0.99999344
P18089,CHEMBL72768,1,1,0.99999
P18089,CHEMBL540542,1,1,0.9997968
P18089,CHEMBL542402,0,0,1.8766204e-05
P18089,CHEMBL762,0,0,1.5350249e-08
P18089,CHEMBL70326,0,0,0.00027124383
P18089,CHEMBL179334,1,1,0.99982554
P34903,CHEMBL911,0,0,1.1113911e-05
P34903,CHEMBL146230,1,1,0.99999964
P34903,CHEMBL358874,1,1,1.0
P34903,CHEMBL661,1,1,0.9999976
P34903,CHEMBL356161,1,1,0.99999964
P34903,CHEMBL358301,1,1,1.0
P34903,CHEMBL342270,1,1,1.0
P34903,CHEMBL146488,1,1,0.9999982
P34903,CHEMBL147312,0,0,1.5496238e-05
P34903,CHEMBL145970,1,1,0.99998164
P34903,CHEMBL147379,1,1,0.9999703
P34903,CHEMBL344120,1,1,1.0
P34903,CHEMBL343471,1,1,1.0
P34903,CHEMBL146317,1,1,0.9997757
P34903,CHEMBL146086,1,1,0.99999
P34903,CHEMBL358519,1,1,0.9999987
P34903,CHEMBL149549,1,1,0.9999845
P34903,CHEMBL146302,1,1,1.0
P34903,CHEMBL356806,1,1,1.0
P34903,CHEMBL147364,1,1,1.0
P34903,CHEMBL147590,1,1,1.0
P34903,CHEMBL343009,1,1,0.9999999
P34903,CHEMBL147217,1,1,0.99999976
P34903,CHEMBL522055,1,1,0.9997203
P34903,CHEMBL505497,0,0,0.0026069304
P34903,CHEMBL443736,0,1,0.54494184
P34903,CHEMBL449393,0,0,0.0068687755
P34903,CHEMBL35571,1,0,0.025897834
P34903,CHEMBL286594,1,1,0.9968829
P34903,CHEMBL505768,1,1,0.99354583
P34903,CHEMBL471977,1,1,0.9999788
P34903,CHEMBL471978,1,1,0.99958104
P34903,CHEMBL58757,1,1,0.99968934
P34903,CHEMBL45346,1,1,0.9999945
P34903,CHEMBL363211,1,1,0.9999995
P34903,CHEMBL52030,1,1,0.9999708
P34903,CHEMBL45198,1,1,0.99999666
P34903,CHEMBL373250,1,1,0.999471
P34903,CHEMBL12,1,1,0.6235794
P34903,CHEMBL204696,1,1,1.0
P34903,CHEMBL4537371,1,1,0.99835336
P34903,CHEMBL1783282,1,1,0.99999416
P34903,CHEMBL1783256,1,0,0.1020087
P34903,CHEMBL1077391,1,1,1.0
P34903,CHEMBL1080588,1,1,0.998336
P34903,CHEMBL3681419,1,1,0.99999976
P34903,CHEMBL306422,1,1,0.99999845
P34903,CHEMBL4581355,1,1,0.99999976
P34903,CHEMBL4228824,1,1,0.99991333
P34903,CHEMBL4537552,0,0,8.313059e-09
P34903,CHEMBL4553352,1,1,0.9999416
P34903,CHEMBL178942,1,1,0.9999999
P34903,CHEMBL407,1,1,0.99996805
P34903,CHEMBL453066,1,1,0.99788266
P34903,CHEMBL454606,1,1,0.99798644
P34903,CHEMBL509197,1,1,0.99997115
P34903,CHEMBL510764,1,1,0.61710256
P34903,CHEMBL499814,1,1,0.99789774
P34903,CHEMBL5290746,1,1,0.99909997
P34903,CHEMBL5266498,1,1,0.99995637
P34903,CHEMBL5290464,1,1,0.99993706
P34903,CHEMBL5280240,1,1,0.99999976
P34903,CHEMBL49141,1,1,0.9999999
P34903,CHEMBL1518572,1,1,1.0
P34903,CHEMBL454095,1,1,1.0
P34903,CHEMBL5290579,1,1,0.99996805
P34903,CHEMBL5275690,1,1,0.9999449
P34903,CHEMBL1270038,1,1,0.9997154
P34903,CHEMBL1270841,1,1,0.9995498
P34903,CHEMBL301605,1,1,1.0
P34903,CHEMBL496990,1,1,1.0
P34903,CHEMBL497197,1,1,1.0
P34903,CHEMBL2008708,1,1,0.9999958
P34903,CHEMBL5281056,1,1,0.99999654
P34903,CHEMBL6597,1,1,0.99996066
P34903,CHEMBL4062225,1,1,0.9999925
P78334,CHEMBL59190,1,1,0.99999964
P78334,CHEMBL292757,0,0,5.8889537e-16
P78334,CHEMBL1687,0,0,2.6165705e-15
P78334,CHEMBL417990,0,0,1.8682582e-06
P78334,CHEMBL61683,1,1,1.0
P78334,CHEMBL100454,0,0,0.0014765011
P78334,CHEMBL715,0,0,0.00046960526
P78334,CHEMBL1125,0,0,0.0003432877
P78334,CHEMBL440512,0,0,0.00079170655
P78334,CHEMBL294873,0,0,6.8675083e-12
P78334,CHEMBL60932,0,0,1.5775037e-10
P78334,CHEMBL294170,0,0,8.939281e-10
P78334,CHEMBL293097,0,0,2.9583722e-10
P78334,CHEMBL299256,0,0,1.4020367e-13
P78334,CHEMBL57419,0,0,1.3908343e-09
P78334,CHEMBL57418,0,0,6.6272383e-07
P78334,CHEMBL292622,0,0,7.4027477e-09
P78334,CHEMBL58564,0,0,5.6501383e-11
P78334,CHEMBL57743,0,0,2.172757e-08
P78334,CHEMBL74354,0,0,5.4813865e-09
P78334,CHEMBL58666,0,0,7.868694e-09
P78334,CHEMBL57474,0,0,4.293003e-13
P78334,CHEMBL12,0,0,0.07285568
P78334,CHEMBL58160,0,0,3.280219e-11
P78334,CHEMBL59072,0,0,3.4224263e-09
P78334,CHEMBL88721,1,1,1.0
P78334,CHEMBL313887,1,1,0.99998045
P78334,CHEMBL89600,0,0,4.225786e-09
P78334,CHEMBL88515,1,1,0.9999964
P78334,CHEMBL88648,0,0,2.850963e-06
P78334,CHEMBL92697,1,1,0.99991333
P78334,CHEMBL89834,1,1,0.9999877
P78334,CHEMBL90791,1,1,0.99995494
P78334,CHEMBL315810,1,1,1.0
P78334,CHEMBL89215,1,1,0.99999905
P78334,CHEMBL91151,0,0,1.5546012e-08
P78334,CHEMBL89407,1,1,0.9999858
P78334,CHEMBL90399,1,1,0.9999999
P78334,CHEMBL91186,1,1,0.9999994
P78334,CHEMBL91097,1,1,0.99999416
P78334,CHEMBL88647,1,1,1.0
P78334,CHEMBL88709,1,1,0.9999999
P78334,CHEMBL88114,1,1,0.9999999
P78334,CHEMBL90790,0,0,1.8687363e-09
P78334,CHEMBL314775,0,0,1.3666123e-17
P78334,CHEMBL150977,0,0,1.0643855e-06
P78334,CHEMBL276821,0,0,1.956077e-14
P78334,CHEMBL150639,0,0,3.9418246e-06
P78334,CHEMBL87369,0,0,9.5723954e-17
P78334,CHEMBL1273,0,0,4.0987683e-15
P78334,CHEMBL140487,0,0,8.6746895e-06
P78334,CHEMBL151386,0,0,1.1684343e-11
P78334,CHEMBL268254,0,0,4.5269916e-11
P78334,CHEMBL13095,0,0,9.1033506e-08
P78334,CHEMBL151984,0,0,9.449062e-13
P78334,CHEMBL358422,0,0,7.268797e-08
P78334,CHEMBL358426,0,0,2.9585908e-07
P78334,CHEMBL345284,0,0,3.486752e-14
P78334,CHEMBL275115,0,0,0.00011257228
P78334,CHEMBL452,0,0,1.5586685e-16
P78334,CHEMBL150784,0,0,1.7845676e-07
P78334,CHEMBL147024,0,0,9.622509e-11
P78334,CHEMBL13458,0,0,1.1255165e-08
P78334,CHEMBL150738,0,0,1.6183383e-05
P78334,CHEMBL970,0,0,2.558372e-07
P78334,CHEMBL151548,0,0,7.17373e-13
P78334,CHEMBL150925,0,0,1.4766705e-06
P78334,CHEMBL358955,0,0,2.5601591e-06
P78334,CHEMBL348664,0,0,4.180097e-06
P78334,CHEMBL341902,0,0,9.4101645e-12
P78334,CHEMBL269232,0,0,1.7767432e-10
P78334,CHEMBL353133,0,0,1.2272985e-14
P78334,CHEMBL85481,0,0,4.4497046e-08
P78334,CHEMBL13209,0,0,1.9780316e-15
P78334,CHEMBL356900,0,0,1.5288428e-07
P78334,CHEMBL346213,0,0,6.0267494e-06
P78334,CHEMBL13039,0,0,2.7588617e-06
P78334,CHEMBL147144,0,0,2.0856992e-14
P78334,CHEMBL346836,0,0,2.721872e-07
P78334,CHEMBL348694,0,0,8.673115e-09
P78334,CHEMBL146817,0,0,5.473029e-09
P78334,CHEMBL523,0,0,2.1573458e-08
P78334,CHEMBL967,0,0,2.4627134e-05
P78334,CHEMBL151121,0,0,1.863337e-09
P78334,CHEMBL1908326,0,0,5.30312e-14
P78334,CHEMBL13290,0,0,6.945337e-11
P78334,CHEMBL974,0,0,1.165883e-11
P78334,CHEMBL13280,0,0,2.4692103e-11
P78334,CHEMBL346673,0,0,5.4338557e-06
P78334,CHEMBL9689,0,0,2.88199e-06
P78334,CHEMBL151574,0,0,9.396972e-14
P78334,CHEMBL148490,0,0,7.490931e-11
P18825,CHEMBL836,1,1,0.9999995
P18825,CHEMBL134,1,1,0.9999999
P18825,CHEMBL298936,1,1,1.0
P18825,CHEMBL49137,1,1,1.0
P18825,CHEMBL49284,1,1,1.0
P18825,CHEMBL40650,1,1,0.9999652
P18825,CHEMBL611,1,1,0.71177936
P18825,CHEMBL647,1,1,1.0
P18825,CHEMBL30739,1,1,1.0
P18825,CHEMBL284795,1,1,1.0
P18825,CHEMBL284213,1,1,1.0
P18825,CHEMBL96467,1,1,0.9999999
P18825,CHEMBL268758,1,1,0.9999995
P18825,CHEMBL299879,1,1,0.9999999
P18825,CHEMBL13856,1,1,1.0
P18825,CHEMBL707,1,1,0.9971608
P18825,CHEMBL315392,1,1,0.9971443
P18825,CHEMBL88448,1,1,0.99999857
P18825,CHEMBL279516,1,1,0.6557463
P18825,CHEMBL314960,1,1,0.58380246
P18825,CHEMBL327931,1,1,1.0
P18825,CHEMBL315538,0,0,0.026647436
P18825,CHEMBL91956,1,1,0.9999999
P18825,CHEMBL313160,1,1,0.99999976
P18825,CHEMBL420060,1,1,0.99999976
P18825,CHEMBL89243,1,1,0.9999474
P18825,CHEMBL92322,1,1,0.5801035
P18825,CHEMBL5483012,1,1,0.572765
P18825,CHEMBL327775,1,1,0.9999939
P18825,CHEMBL88628,0,0,0.39601672
P18825,CHEMBL25554,1,1,0.9999945
P18825,CHEMBL597,1,1,0.999998
P18825,CHEMBL313251,1,0,0.45681968
P18825,CHEMBL114166,1,1,1.0
P18825,CHEMBL327712,1,1,0.9978108
P18825,CHEMBL91415,1,0,0.39813486
P18825,CHEMBL2,1,1,0.66308093
P18825,CHEMBL91022,1,1,1.0
P18825,CHEMBL284103,1,1,0.99995613
P18825,CHEMBL313953,1,1,0.99999964
P18825,CHEMBL88388,1,1,0.9999888
P18825,CHEMBL279436,1,1,0.9999999
P18825,CHEMBL315914,1,0,0.36011612
P18825,CHEMBL312871,1,1,0.99975663
P18825,CHEMBL91550,1,1,1.0
P18825,CHEMBL89685,1,1,0.99999976
P18825,CHEMBL284470,1,1,0.9999994
P18825,CHEMBL81485,1,1,0.99999356
P18825,CHEMBL83658,0,0,0.445528
P18825,CHEMBL313189,1,1,0.9998105
P18825,CHEMBL6437,1,1,0.9884242
P18825,CHEMBL25467,1,1,1.0
P18825,CHEMBL123448,1,1,1.0
P18825,CHEMBL3392246,0,0,0.4646037
P18825,CHEMBL405355,1,1,0.99299264
P18825,CHEMBL15245,1,1,0.9999809
P18825,CHEMBL122404,1,1,0.9995084
P18825,CHEMBL3392247,1,1,0.997391
P18825,CHEMBL123138,1,1,1.0
P18825,CHEMBL10347,1,1,0.9999809
P18825,CHEMBL123349,1,1,0.9999999
P18825,CHEMBL31410,1,1,0.9999809
P18825,CHEMBL71479,0,0,0.00013693408
P18825,CHEMBL70740,0,0,0.00087911816
P18825,CHEMBL74114,1,0,0.0065290164
P18825,CHEMBL544290,0,0,0.0014304033
P18825,CHEMBL70692,1,1,0.98625016
P18825,CHEMBL540035,1,1,0.9996908
P18825,CHEMBL306792,1,1,1.0
P18825,CHEMBL74467,0,0,9.386926e-06
P18825,CHEMBL70973,0,0,0.0001710185
P18825,CHEMBL70634,0,0,0.00031326085
P18825,CHEMBL72958,0,0,6.5338722e-06
P18825,CHEMBL553276,1,1,0.9980817
P18825,CHEMBL61861,0,0,0.001871581
P18825,CHEMBL419448,1,1,0.9849829
P18825,CHEMBL70691,1,1,0.99942684
P18825,CHEMBL70751,1,1,1.0
Q8N1C3,CHEMBL59190,1,1,0.99999976
Q8N1C3,CHEMBL292757,0,0,9.94814e-16
Q8N1C3,CHEMBL1687,0,0,4.821209e-15
Q8N1C3,CHEMBL417990,0,0,3.345768e-06
Q8N1C3,CHEMBL61683,1,1,1.0
Q8N1C3,CHEMBL100454,0,0,0.0030545054
Q8N1C3,CHEMBL715,0,0,0.0009801385
Q8N1C3,CHEMBL1125,0,0,0.0007036928
Q8N1C3,CHEMBL440512,0,0,0.0016409539
Q8N1C3,CHEMBL294873,0,0,1.1870698e-11
Q8N1C3,CHEMBL60932,0,0,2.7351288e-10
Q8N1C3,CHEMBL294170,0,0,1.5320056e-09
Q8N1C3,CHEMBL293097,0,0,5.0631216e-10
Q8N1C3,CHEMBL299256,0,0,2.399509e-13
Q8N1C3,CHEMBL57419,0,0,2.4075506e-09
Q8N1C3,CHEMBL57418,0,0,1.162658e-06
Q8N1C3,CHEMBL292622,0,0,1.2669471e-08
Q8N1C3,CHEMBL58564,0,0,9.619646e-11
Q8N1C3,CHEMBL57743,0,0,3.8090114e-08
Q8N1C3,CHEMBL74354,0,0,9.431472e-09
Q8N1C3,CHEMBL58666,0,0,1.3680582e-08
Q8N1C3,CHEMBL57474,0,0,7.364666e-13
Q8N1C3,CHEMBL12,0,0,0.107682675
Q8N1C3,CHEMBL58160,0,0,5.6046504e-11
Q8N1C3,CHEMBL59072,0,0,6.064472e-09
Q8N1C3,CHEMBL88721,1,1,1.0
Q8N1C3,CHEMBL313887,1,1,0.99998736
Q8N1C3,CHEMBL89600,0,0,7.2481234e-09
Q8N1C3,CHEMBL88515,1,1,0.99999785
Q8N1C3,CHEMBL88648,0,0,5.7322104e-06
Q8N1C3,CHEMBL92697,1,1,0.9999448
Q8N1C3,CHEMBL89834,1,1,0.9999912
Q8N1C3,CHEMBL90791,1,1,0.99996686
Q8N1C3,CHEMBL315810,1,1,1.0
Q8N1C3,CHEMBL89215,1,1,0.9999993
Q8N1C3,CHEMBL91151,0,0,2.7634691e-08
Q8N1C3,CHEMBL89407,1,1,0.9999895
Q8N1C3,CHEMBL90399,1,1,0.9999999
Q8N1C3,CHEMBL91186,1,1,0.99999964
Q8N1C3,CHEMBL91097,1,1,0.9999962
Q8N1C3,CHEMBL88647,1,1,1.0
Q8N1C3,CHEMBL88709,1,1,1.0
Q8N1C3,CHEMBL88114,1,1,1.0
Q8N1C3,CHEMBL90790,0,0,3.3229681e-09
Q8N1C3,CHEMBL314775,0,0,2.2612395e-17
Q8N1C3,CHEMBL150977,0,0,1.8766974e-06
Q8N1C3,CHEMBL276821,0,0,3.304365e-14
Q8N1C3,CHEMBL150639,0,0,6.9755743e-06
Q8N1C3,CHEMBL87369,0,0,1.576404e-16
Q8N1C3,CHEMBL1273,0,0,7.13848e-15
Q8N1C3,CHEMBL140487,0,0,1.5347212e-05
Q8N1C3,CHEMBL151386,0,0,1.9987656e-11
Q8N1C3,CHEMBL268254,0,0,8.075809e-11
Q8N1C3,CHEMBL13095,0,0,1.5922424e-07
Q8N1C3,CHEMBL151984,0,0,1.5962097e-12
Q8N1C3,CHEMBL358422,0,0,1.2707521e-07
Q8N1C3,CHEMBL358426,0,0,5.17474e-07
Q8N1C3,CHEMBL345284,0,0,5.906464e-14
Q8N1C3,CHEMBL275115,0,0,0.00020253303
Q8N1C3,CHEMBL452,0,0,2.6713437e-16
Q8N1C3,CHEMBL150784,0,0,3.0995471e-07
Q8N1C3,CHEMBL147024,0,0,1.655671e-10
Q8N1C3,CHEMBL13458,0,0,1.9365933e-08
Q8N1C3,CHEMBL150738,0,0,2.8989185e-05
Q8N1C3,CHEMBL970,0,0,4.401997e-07
Q8N1C3,CHEMBL151548,0,0,1.2251294e-12
Q8N1C3,CHEMBL150925,0,0,2.615428e-06
Q8N1C3,CHEMBL358955,0,0,4.5790957e-06
Q8N1C3,CHEMBL348664,0,0,7.53069e-06
Q8N1C3,CHEMBL341902,0,0,1.6517525e-11
Q8N1C3,CHEMBL269232,0,0,3.0549135e-10
Q8N1C3,CHEMBL353133,0,0,2.068087e-14
Q8N1C3,CHEMBL85481,0,0,7.782857e-08
Q8N1C3,CHEMBL13209,0,0,3.2484215e-15
Q8N1C3,CHEMBL356900,0,0,2.695616e-07
Q8N1C3,CHEMBL346213,0,0,1.185202e-05
Q8N1C3,CHEMBL13039,0,0,4.7511135e-06
Q8N1C3,CHEMBL147144,0,0,3.52332e-14
Q8N1C3,CHEMBL346836,0,0,4.712809e-07
Q8N1C3,CHEMBL348694,0,0,1.4936317e-08
Q8N1C3,CHEMBL146817,0,0,9.417073e-09
Q8N1C3,CHEMBL523,0,0,3.710188e-08
Q8N1C3,CHEMBL967,0,0,4.4092416e-05
Q8N1C3,CHEMBL151121,0,0,3.2061191e-09
Q8N1C3,CHEMBL1908326,0,0,9.72013e-14
Q8N1C3,CHEMBL13290,0,0,1.1866946e-10
Q8N1C3,CHEMBL974,0,0,2.0050659e-11
Q8N1C3,CHEMBL13280,0,0,4.2189276e-11
Q8N1C3,CHEMBL346673,0,0,9.716647e-06
Q8N1C3,CHEMBL9689,0,0,5.134723e-06
Q8N1C3,CHEMBL151574,0,0,1.5834639e-13
Q8N1C3,CHEMBL148490,0,0,1.3131805e-10
Q9UN88,CHEMBL59190,1,1,0.99999917
Q9UN88,CHEMBL292757,0,0,2.3282903e-16
Q9UN88,CHEMBL1687,0,0,9.103749e-16
Q9UN88,CHEMBL417990,0,0,6.74192e-07
Q9UN88,CHEMBL61683,1,1,1.0
Q9UN88,CHEMBL100454,0,0,0.00042906444
Q9UN88,CHEMBL715,0,0,0.00013320301
Q9UN88,CHEMBL1125,0,0,0.00010222749
Q9UN88,CHEMBL440512,0,0,0.00022971426
Q9UN88,CHEMBL294873,0,0,2.6241214e-12
Q9UN88,CHEMBL60932,0,0,5.9947276e-11
Q9UN88,CHEMBL294170,0,0,3.4491224e-10
Q9UN88,CHEMBL293097,0,0,1.1422784e-10
Q9UN88,CHEMBL299256,0,0,5.4135045e-14
Q9UN88,CHEMBL57419,0,0,5.285369e-10
Q9UN88,CHEMBL57418,0,0,2.4630245e-07
Q9UN88,CHEMBL292622,0,0,2.8379568e-09
Q9UN88,CHEMBL58564,0,0,2.1816946e-11
Q9UN88,CHEMBL57743,0,0,8.086545e-09
Q9UN88,CHEMBL74354,0,0,2.1020428e-09
Q9UN88,CHEMBL58666,0,0,2.9469864e-09
Q9UN88,CHEMBL57474,0,0,1.6576054e-13
Q9UN88,CHEMBL12,0,0,0.034771256
Q9UN88,CHEMBL58160,0,0,1.2723964e-11
Q9UN88,CHEMBL59072,0,0,1.2527547e-09
Q9UN88,CHEMBL88721,1,1,1.0
Q9UN88,CHEMBL313887,1,1,0.99995697
Q9UN88,CHEMBL89600,0,0,1.6335323e-09
Q9UN88,CHEMBL88515,1,1,0.9999913
Q9UN88,CHEMBL88648,0,0,8.938656e-07
Q9UN88,CHEMBL92697,1,1,0.9997981
Q9UN88,CHEMBL89834,1,1,0.99997663
Q9UN88,CHEMBL90791,1,1,0.9999213
Q9UN88,CHEMBL315810,1,1,1.0
Q9UN88,CHEMBL89215,1,1,0.999998
Q9UN88,CHEMBL91151,0,0,5.6640634e-09
Q9UN88,CHEMBL89407,1,1,0.99997497
Q9UN88,CHEMBL90399,1,1,0.99999976
Q9UN88,CHEMBL91186,1,1,0.9999987
Q9UN88,CHEMBL91097,1,1,0.9999877
Q9UN88,CHEMBL88647,1,1,1.0
Q9UN88,CHEMBL88709,1,1,0.99999976
Q9UN88,CHEMBL88114,1,1,0.99999976
Q9UN88,CHEMBL90790,0,0,6.908979e-10
Q9UN88,CHEMBL314775,0,0,5.6119473e-18
Q9UN88,CHEMBL150977,0,0,3.9256827e-07
Q9UN88,CHEMBL276821,0,0,7.6324555e-15
Q9UN88,CHEMBL150639,0,0,1.4338052e-06
Q9UN88,CHEMBL87369,0,0,3.9494794e-17
Q9UN88,CHEMBL1273,0,0,1.5130151e-15
Q9UN88,CHEMBL140487,0,0,3.1888787e-06
Q9UN88,CHEMBL151386,0,0,4.5292173e-12
Q9UN88,CHEMBL268254,0,0,1.6436569e-11
Q9UN88,CHEMBL13095,0,0,3.3989956e-08
Q9UN88,CHEMBL151984,0,0,3.7358777e-13
Q9UN88,CHEMBL358422,0,0,2.7166019e-08
Q9UN88,CHEMBL358426,0,0,1.1046846e-07
Q9UN88,CHEMBL345284,0,0,1.3734243e-14
Q9UN88,CHEMBL275115,0,0,4.0507024e-05
Q9UN88,CHEMBL452,0,0,6.011587e-17
Q9UN88,CHEMBL150784,0,0,6.735231e-08
Q9UN88,CHEMBL147024,0,0,3.690146e-11
Q9UN88,CHEMBL13458,0,0,4.208757e-09
Q9UN88,CHEMBL150738,0,0,5.8427204e-06
Q9UN88,CHEMBL970,0,0,9.7825406e-08
Q9UN88,CHEMBL151548,0,0,2.7834262e-13
Q9UN88,CHEMBL150925,0,0,5.34046e-07
Q9UN88,CHEMBL358955,0,0,9.249809e-07
Q9UN88,CHEMBL348664,0,0,1.4948594e-06
Q9UN88,CHEMBL341902,0,0,3.4902816e-12
Q9UN88,CHEMBL269232,0,0,6.823119e-11
Q9UN88,CHEMBL353133,0,0,4.8315932e-15
Q9UN88,CHEMBL85481,0,0,1.6614269e-08
Q9UN88,CHEMBL13209,0,0,8.112687e-16
Q9UN88,CHEMBL356900,0,0,5.6387137e-08
Q9UN88,CHEMBL346213,0,0,1.9356276e-06
Q9UN88,CHEMBL13039,0,0,1.0582428e-06
Q9UN88,CHEMBL147144,0,0,8.271753e-15
Q9UN88,CHEMBL346836,0,0,1.0354657e-07
Q9UN88,CHEMBL348694,0,0,3.3268364e-09
Q9UN88,CHEMBL146817,0,0,2.0574928e-09
Q9UN88,CHEMBL523,0,0,8.2811225e-09
Q9UN88,CHEMBL967,0,0,8.899801e-06
Q9UN88,CHEMBL151121,0,0,7.1456363e-10
Q9UN88,CHEMBL1908326,0,0,1.7984207e-14
Q9UN88,CHEMBL13290,0,0,2.6922301e-11
Q9UN88,CHEMBL974,0,0,4.4753064e-12
Q9UN88,CHEMBL13280,0,0,9.571433e-12
Q9UN88,CHEMBL346673,0,0,1.966027e-06
Q9UN88,CHEMBL9689,0,0,1.0438572e-06
Q9UN88,CHEMBL151574,0,0,3.6701497e-14
Q9UN88,CHEMBL148490,0,0,2.7909036e-11
O00591,CHEMBL59190,1,1,0.9999999
O00591,CHEMBL292757,0,0,5.743503e-16
O00591,CHEMBL1687,0,0,3.087605e-15
O00591,CHEMBL417990,0,0,2.1118751e-06
O00591,CHEMBL61683,1,1,1.0
O00591,CHEMBL100454,0,0,0.0021294632
O00591,CHEMBL715,0,0,0.00067408226
O00591,CHEMBL1125,0,0,0.000495676
O00591,CHEMBL440512,0,0,0.0011435072
O00591,CHEMBL294873,0,0,6.9733676e-12
O00591,CHEMBL60932,0,0,1.6213449e-10
O00591,CHEMBL294170,0,0,8.983722e-10
O00591,CHEMBL293097,0,0,2.9001399e-10
O00591,CHEMBL299256,0,0,1.3929367e-13
O00591,CHEMBL57419,0,0,1.4386784e-09
O00591,CHEMBL57418,0,0,6.969656e-07
O00591,CHEMBL292622,0,0,7.345167e-09
O00591,CHEMBL58564,0,0,5.7094177e-11
O00591,CHEMBL57743,0,0,2.2922729e-08
O00591,CHEMBL74354,0,0,5.5517146e-09
O00591,CHEMBL58666,0,0,8.082074e-09
O00591,CHEMBL57474,0,0,4.2837768e-13
O00591,CHEMBL12,0,0,0.084622346
O00591,CHEMBL58160,0,0,3.2352333e-11
O00591,CHEMBL59072,0,0,3.6608883e-09
O00591,CHEMBL88721,1,1,1.0
O00591,CHEMBL313887,1,1,0.9999894
O00591,CHEMBL89600,0,0,4.3936272e-09
O00591,CHEMBL88515,1,1,0.9999981
O00591,CHEMBL88648,0,0,4.1151575e-06
O00591,CHEMBL92697,1,1,0.99995184
O00591,CHEMBL89834,1,1,0.9999927
O00591,CHEMBL90791,1,1,0.9999728
O00591,CHEMBL315810,1,1,1.0
O00591,CHEMBL89215,1,1,0.9999994
O00591,CHEMBL91151,0,0,1.7846451e-08
O00591,CHEMBL89407,1,1,0.9999914
O00591,CHEMBL90399,1,1,0.9999999
O00591,CHEMBL91186,1,1,0.99999976
O00591,CHEMBL91097,1,1,0.9999969
O00591,CHEMBL88647,1,1,1.0
O00591,CHEMBL88709,1,1,1.0
O00591,CHEMBL88114,1,1,1.0
O00591,CHEMBL90790,0,0,2.2588693e-09
O00591,CHEMBL314775,0,0,1.32099354e-17
O00591,CHEMBL150977,0,0,1.1227602e-06
O00591,CHEMBL276821,0,0,1.9076473e-14
O00591,CHEMBL150639,0,0,4.174257e-06
O00591,CHEMBL87369,0,0,9.061302e-17
O00591,CHEMBL1273,0,0,4.537823e-15
O00591,CHEMBL140487,0,0,9.47532e-06
O00591,CHEMBL151386,0,0,1.1546102e-11
O00591,CHEMBL268254,0,0,4.9196952e-11
O00591,CHEMBL13095,0,0,9.389117e-08
O00591,CHEMBL151984,0,0,9.215046e-13
O00591,CHEMBL358422,0,0,7.504226e-08
O00591,CHEMBL358426,0,0,3.0512544e-07
O00591,CHEMBL345284,0,0,3.4054224e-14
O00591,CHEMBL275115,0,0,0.00013424314
O00591,CHEMBL452,0,0,1.5798595e-16
O00591,CHEMBL150784,0,0,1.8346566e-07
O00591,CHEMBL147024,0,0,9.632425e-11
O00591,CHEMBL13458,0,0,1.128046e-08
O00591,CHEMBL150738,0,0,1.8460012e-05
O00591,CHEMBL970,0,0,2.564139e-07
O00591,CHEMBL151548,0,0,7.077237e-13
O00591,CHEMBL150925,0,0,1.6434263e-06
O00591,CHEMBL358955,0,0,2.816926e-06
O00591,CHEMBL348664,0,0,4.7786552e-06
O00591,CHEMBL341902,0,0,9.598271e-12
O00591,CHEMBL269232,0,0,1.799924e-10
O00591,CHEMBL353133,0,0,1.1922051e-14
O00591,CHEMBL85481,0,0,4.5496257e-08
O00591,CHEMBL13209,0,0,1.8687307e-15
O00591,CHEMBL356900,0,0,1.601914e-07
O00591,CHEMBL346213,0,0,8.487962e-06
O00591,CHEMBL13039,0,0,2.8373413e-06
O00591,CHEMBL147144,0,0,2.0340371e-14
O00591,CHEMBL346836,0,0,2.8222377e-07
O00591,CHEMBL348694,0,0,8.919869e-09
O00591,CHEMBL146817,0,0,5.4856955e-09
O00591,CHEMBL523,0,0,2.1642864e-08
O00591,CHEMBL967,0,0,2.8112367e-05
O00591,CHEMBL151121,0,0,1.867646e-09
O00591,CHEMBL1908326,0,0,6.3447166e-14
O00591,CHEMBL13290,0,0,6.8546085e-11
O00591,CHEMBL974,0,0,1.1696294e-11
O00591,CHEMBL13280,0,0,2.4336378e-11
O00591,CHEMBL346673,0,0,6.149855e-06
O00591,CHEMBL9689,0,0,3.152503e-06
O00591,CHEMBL151574,0,0,9.128466e-14
O00591,CHEMBL148490,0,0,7.805516e-11
Q99250,CHEMBL28854,0,0,7.408044e-06
Q99250,CHEMBL307395,0,0,2.823052e-08
Q99250,CHEMBL28853,0,0,8.352311e-10
Q99250,CHEMBL744,0,0,2.4844827e-08
Q99250,CHEMBL106610,0,0,1.08816565e-08
Q99250,CHEMBL108407,0,0,1.1217614e-12
Q99250,CHEMBL110572,1,0,0.00019084137
Q99250,CHEMBL432963,0,0,6.0058514e-11
Q99250,CHEMBL324435,0,0,3.5183865e-09
Q99250,CHEMBL109012,0,0,1.1240061e-06
Q99250,CHEMBL431643,0,0,1.07994296e-07
Q99250,CHEMBL110409,0,0,8.3742044e-08
Q99250,CHEMBL108070,0,0,3.2414172e-14
Q99250,CHEMBL105929,0,0,6.688189e-11
Q99250,CHEMBL108347,1,1,0.99845314
Q99250,CHEMBL107354,0,0,5.0094127e-11
Q99250,CHEMBL110516,0,0,1.6235077e-14
Q99250,CHEMBL110502,0,0,5.041694e-12
Q99250,CHEMBL108782,0,0,9.969483e-10
Q99250,CHEMBL106459,0,0,2.186536e-05
Q99250,CHEMBL318362,0,0,5.2388993e-10
Q99250,CHEMBL108627,0,0,5.582824e-10
Q99250,CHEMBL110788,0,0,4.18605e-10
Q99250,CHEMBL110164,0,0,3.0435643e-08
Q99250,CHEMBL322599,0,0,4.9162504e-06
Q99250,CHEMBL106210,0,0,2.2046118e-09
Q99250,CHEMBL106434,0,0,3.4383187e-13
Q99250,CHEMBL322055,0,0,3.5008614e-09
Q99250,CHEMBL110352,0,0,4.7897075e-11
Q99250,CHEMBL107394,0,0,1.2386667e-14
Q99250,CHEMBL421032,0,0,7.782765e-09
Q99250,CHEMBL105997,0,0,1.0117102e-08
Q99250,CHEMBL320332,0,0,2.3375986e-09
Q99250,CHEMBL106351,0,0,3.6825068e-13
Q99250,CHEMBL106463,0,0,6.365943e-10
Q99250,CHEMBL105782,0,0,3.1902087e-10
Q99250,CHEMBL320314,0,0,5.7672453e-09
Q99250,CHEMBL107684,0,0,5.266554e-09
Q99250,CHEMBL106356,0,0,3.306594e-12
Q99250,CHEMBL321883,1,1,0.98902494
Q99250,CHEMBL108361,0,0,2.3979416e-08
Q99250,CHEMBL108728,0,0,2.4669921e-08
Q99250,CHEMBL108727,1,1,0.9999951
Q99250,CHEMBL109127,0,0,1.6273361e-07
Q99250,CHEMBL320248,0,0,3.0357936e-09
Q99250,CHEMBL250699,0,0,2.2417057e-06
Q99250,CHEMBL521211,0,1,0.95093745
Q99250,CHEMBL741,0,0,1.0986896e-11
Q99250,CHEMBL558,0,0,1.3438455e-09
Q99250,CHEMBL486495,1,1,0.99836916
Q99250,CHEMBL482676,1,1,0.99879116
Q99250,CHEMBL467700,0,0,3.7461307e-06
Q99250,CHEMBL305200,0,0,0.0003837446
Q99250,CHEMBL467919,0,0,0.00011291565
Q99250,CHEMBL468120,0,0,6.4365577e-06
Q99250,CHEMBL510722,1,1,0.9967859
Q99250,CHEMBL16,0,0,1.8677024e-06
Q99250,CHEMBL327027,0,0,6.72432e-08
Q99250,CHEMBL503978,0,0,5.9260486e-08
Q99250,CHEMBL1270302,0,0,0.042041343
Q99250,CHEMBL1270301,1,0,0.47079405
Q99250,CHEMBL1270208,0,1,0.998398
Q99250,CHEMBL1270207,1,1,0.9999844
Q99250,CHEMBL1270100,0,0,0.018916497
Q99250,CHEMBL1269991,1,1,0.9898636
Q99250,CHEMBL1269990,1,1,0.9999758
Q99250,CHEMBL1269883,0,0,0.031012261
Q99250,CHEMBL1269882,1,1,0.99978715
Q99250,CHEMBL1271417,0,1,0.95418733
Q99250,CHEMBL1277877,1,1,1.0
Q99250,CHEMBL1277959,1,1,0.9999893
Q99250,CHEMBL1277607,1,1,0.99993026
Q99250,CHEMBL1277876,1,1,0.99988735
Q99250,CHEMBL1277958,1,1,0.99999225
Q99250,CHEMBL1278138,1,1,0.9995326
Q99250,CHEMBL1278224,0,0,0.014184817
Q99250,CHEMBL1276882,0,0,0.064216815
Q99250,CHEMBL1278044,0,1,1.0
Q99250,CHEMBL1278223,0,0,0.015141655
Q99250,CHEMBL1276881,0,0,0.024013367
Q99250,CHEMBL1277514,0,1,1.0
Q99250,CHEMBL1277512,0,0,0.13363218
Q99250,CHEMBL1277513,0,1,0.99921143
Q99250,CHEMBL1278045,0,0,0.077107124
Q99250,CHEMBL466587,0,0,1.0088684e-07
Q99250,CHEMBL509722,0,0,3.7461377e-06
Q99250,CHEMBL446905,0,0,2.1277734e-10
Q99250,CHEMBL698,0,0,1.6583646e-09
Q99250,CHEMBL629,0,0,6.142328e-09
Q99250,CHEMBL2164044,0,0,5.998142e-09
Q99250,CHEMBL2164042,0,0,3.7813503e-09
Q99250,CHEMBL2164373,0,0,8.8229505e-08
P21917,CHEMBL303519,1,1,1.0
P21917,CHEMBL292943,1,1,0.9999968
P21917,CHEMBL28321,1,1,1.0
P21917,CHEMBL343657,1,1,0.9999994
P21917,CHEMBL349833,1,1,0.99993205
P21917,CHEMBL439646,1,1,0.9999876
P21917,CHEMBL351963,1,1,0.999964
P21917,CHEMBL309118,0,0,0.4051778
P21917,CHEMBL315864,1,1,0.999984
P21917,CHEMBL61682,1,1,1.0
P21917,CHEMBL322179,0,0,0.009054854
P21917,CHEMBL419505,0,0,0.039601337
P21917,CHEMBL108527,1,1,0.9999951
P21917,CHEMBL64487,1,1,0.99999666
P21917,CHEMBL64597,1,1,0.99999905
P21917,CHEMBL67414,0,0,0.009547659
P21917,CHEMBL291824,1,1,1.0
P21917,CHEMBL110411,0,1,0.98706716
P21917,CHEMBL330108,1,1,1.0
P21917,CHEMBL42,1,1,1.0
P21917,CHEMBL267562,1,1,0.99997795
P21917,CHEMBL301242,0,0,0.42486745
P21917,CHEMBL59942,1,1,0.9999987
P21917,CHEMBL22242,0,0,0.002698254
P21917,CHEMBL61657,1,1,1.0
P21917,CHEMBL352207,1,1,0.99998
P21917,CHEMBL310310,1,1,0.9998555
P21917,CHEMBL108637,1,1,0.9999944
P21917,CHEMBL67750,1,1,0.9997607
P21917,CHEMBL314952,1,1,1.0
P21917,CHEMBL351989,1,1,0.99998105
P21917,CHEMBL110120,0,0,0.00031522318
P21917,CHEMBL159742,1,1,0.9999912
P21917,CHEMBL88837,1,1,0.99999976
P21917,CHEMBL302183,1,1,1.0
P21917,CHEMBL354699,1,1,0.9999454
P21917,CHEMBL446892,1,1,0.99992657
P21917,CHEMBL323997,1,1,0.9992631
P21917,CHEMBL68191,1,1,0.99963677
P21917,CHEMBL64622,1,1,0.99999857
P21917,CHEMBL304692,0,1,1.0
P21917,CHEMBL69584,1,1,0.99999905
P21917,CHEMBL307800,1,0,0.4835654
P21917,CHEMBL306672,1,1,0.9986777
P21917,CHEMBL555670,1,1,0.9999858
P21917,CHEMBL345438,1,1,0.9999343
P21917,CHEMBL110435,0,0,1.1093611e-05
P21917,CHEMBL69717,1,1,0.9963008
P21917,CHEMBL302796,0,0,0.0059465743
P21917,CHEMBL88365,1,1,0.9999038
P21917,CHEMBL328051,1,1,1.0
P21917,CHEMBL144835,1,1,1.0
P21917,CHEMBL54,1,1,0.6097012
P21917,CHEMBL146557,1,1,0.9879121
P21917,CHEMBL147731,1,1,1.0
P21917,CHEMBL320114,1,1,0.9995529
P21917,CHEMBL291380,1,1,0.9999999
P21917,CHEMBL2308105,1,1,0.99517655
P21917,CHEMBL68860,0,0,0.41642314
P21917,CHEMBL90476,1,1,1.0
P21917,CHEMBL88289,1,1,1.0
P21917,CHEMBL64671,1,1,0.9999908
P21917,CHEMBL62829,1,1,0.9999032
P21917,CHEMBL64119,1,1,0.9999267
P21917,CHEMBL106660,1,1,0.9999504
P21917,CHEMBL302904,1,1,1.0
P21917,CHEMBL351612,1,1,0.99999666
P21917,CHEMBL343466,1,1,0.99999905
P21917,CHEMBL68720,1,0,0.4381267
P21917,CHEMBL311539,1,1,1.0
P21917,CHEMBL60957,1,1,1.0
P21917,CHEMBL356542,1,1,0.99975437
P21917,CHEMBL147003,1,1,0.9999988
P21917,CHEMBL110349,1,1,0.9999975
P21917,CHEMBL12004,1,1,0.9999795
P21917,CHEMBL109299,1,1,0.999869
P21917,CHEMBL12375,1,1,0.99968195
P21917,CHEMBL327245,1,1,0.99977034
P21917,CHEMBL96462,1,1,0.9999745
P21917,CHEMBL49231,1,1,0.9999794
P21917,CHEMBL283211,1,1,0.9981002
P21917,CHEMBL298763,1,1,0.99943477
P21917,CHEMBL26677,1,1,0.99991405
P21917,CHEMBL315879,1,1,0.9997042
P21917,CHEMBL92713,1,1,0.9996208
P21917,CHEMBL92121,1,1,0.99983454
P21917,CHEMBL328283,1,1,1.0
P46098,CHEMBL268800,0,0,0.00015119252
P46098,CHEMBL128,0,0,0.0018220207
P46098,CHEMBL145033,1,1,0.9999963
P46098,CHEMBL145725,1,1,0.9999963
P46098,CHEMBL27846,1,1,0.9999957
P46098,CHEMBL142852,1,1,0.9999981
P46098,CHEMBL28992,1,1,0.9999957
P46098,CHEMBL292779,0,0,0.027136581
P46098,CHEMBL38465,1,1,1.0
P46098,CHEMBL329179,1,1,1.0
P46098,CHEMBL290938,1,1,1.0
P46098,CHEMBL46,1,1,0.9999949
P46098,CHEMBL421747,1,1,1.0
P46098,CHEMBL93919,1,1,0.9999894
P46098,CHEMBL56564,1,1,0.9986796
P46098,CHEMBL120055,0,0,0.0007938778
P46098,CHEMBL266591,0,0,0.00068455975
P46098,CHEMBL558226,1,1,0.99999106
P46098,CHEMBL26533,1,1,0.99922764
P46098,CHEMBL40260,1,1,0.9999993
P46098,CHEMBL116913,1,1,0.99999845
P46098,CHEMBL34291,1,1,0.9997664
P46098,CHEMBL18041,1,1,0.9999957
P46098,CHEMBL418854,1,1,0.99987435
P46098,CHEMBL133455,0,0,0.46766666
P46098,CHEMBL133868,0,0,0.46766666
P46098,CHEMBL313631,0,0,3.4731602e-06
P46098,CHEMBL66918,1,1,0.90343195
P46098,CHEMBL56900,1,1,0.9999149
P46098,CHEMBL304534,1,1,0.99959916
P46098,CHEMBL292066,1,1,0.9988432
P46098,CHEMBL68281,1,1,1.0
P46098,CHEMBL305582,1,1,0.99989784
P46098,CHEMBL302743,1,1,0.99955696
P46098,CHEMBL63863,1,1,1.0
P46098,CHEMBL66692,1,1,0.769661
P46098,CHEMBL138809,0,0,7.375334e-05
P46098,CHEMBL138458,0,0,6.642261e-05
P46098,CHEMBL141209,0,0,9.810335e-06
P46098,CHEMBL100086,0,0,3.0052957e-05
P46098,CHEMBL1204203,1,1,0.9996735
P46098,CHEMBL182721,0,1,0.9958943
P46098,CHEMBL184770,0,0,0.041853454
P46098,CHEMBL363124,0,1,0.9989531
P46098,CHEMBL183776,0,0,0.00011034591
P46098,CHEMBL42,1,1,0.99999416
P46098,CHEMBL267615,1,1,1.0
P46098,CHEMBL194305,1,1,0.99994576
P46098,CHEMBL364005,1,1,0.9999975
P46098,CHEMBL376324,1,0,0.00011968963
P46098,CHEMBL18772,1,1,0.74688315
P46098,CHEMBL388212,0,0,1.3417261e-07
P46098,CHEMBL203627,0,0,3.5823102e-09
P46098,CHEMBL1180293,0,0,1.4334932e-09
P46098,CHEMBL231047,0,0,3.7463882e-13
P46098,CHEMBL229999,0,0,1.0574961e-12
P46098,CHEMBL206666,0,0,3.143951e-09
P46098,CHEMBL382243,0,0,8.0327425e-07
P46098,CHEMBL415570,0,0,9.042488e-16
P46098,CHEMBL388049,0,0,4.0808297e-21
P46098,CHEMBL415569,0,0,5.9547964e-11
P46098,CHEMBL415568,0,0,1.1256981e-17
P46098,CHEMBL388048,0,0,2.2399036e-11
P46098,CHEMBL229998,0,0,1.445011e-10
P46098,CHEMBL388046,0,0,1.471389e-09
P46098,CHEMBL389120,0,0,3.676003e-16
P46098,CHEMBL396705,0,0,4.4415613e-13
P46098,CHEMBL231056,0,0,1.3483063e-11
P46098,CHEMBL395960,0,0,5.045958e-15
P46098,CHEMBL230952,0,0,0.04188773
Q9Y5Y9,CHEMBL1162028,0,0,5.0293684e-32
Q9Y5Y9,CHEMBL401258,1,1,0.91231364
Q9Y5Y9,CHEMBL250699,1,0,0.012548902
Q9Y5Y9,CHEMBL205412,1,1,0.99984014
Q9Y5Y9,CHEMBL252240,1,1,0.99998105
Q9Y5Y9,CHEMBL252837,1,1,0.9750199
Q9Y5Y9,CHEMBL404623,0,0,6.1435574e-05
Q9Y5Y9,CHEMBL252836,1,1,0.99999976
Q9Y5Y9,CHEMBL400642,1,1,0.99961275
Q9Y5Y9,CHEMBL252037,0,0,0.0014930044
Q9Y5Y9,CHEMBL403809,1,1,0.993421
Q9Y5Y9,CHEMBL404229,0,0,1.3864583e-05
Q9Y5Y9,CHEMBL253660,1,1,0.9999734
Q9Y5Y9,CHEMBL404621,1,1,0.999711
Q9Y5Y9,CHEMBL252437,1,1,0.9999045
Q9Y5Y9,CHEMBL400262,1,1,0.99987614
Q9Y5Y9,CHEMBL400261,0,0,2.2233762e-06
Q9Y5Y9,CHEMBL400129,0,0,2.0399118e-06
Q9Y5Y9,CHEMBL400260,1,1,0.99988306
Q9Y5Y9,CHEMBL253659,1,1,1.0
Q9Y5Y9,CHEMBL252038,1,1,0.9999502
Q9Y5Y9,CHEMBL254918,1,1,0.9995995
Q9Y5Y9,CHEMBL254497,1,1,0.99999976
Q9Y5Y9,CHEMBL521211,1,1,0.9995577
Q9Y5Y9,CHEMBL741,0,0,9.83879e-08
Q9Y5Y9,CHEMBL558,0,0,8.599751e-06
Q9Y5Y9,CHEMBL486495,1,1,0.99986494
Q9Y5Y9,CHEMBL482676,1,1,0.99995446
Q9Y5Y9,CHEMBL251241,1,1,0.99941087
Q9Y5Y9,CHEMBL1270302,1,1,0.88176
Q9Y5Y9,CHEMBL1270301,1,1,0.9979075
Q9Y5Y9,CHEMBL1270208,1,1,0.99996686
Q9Y5Y9,CHEMBL1270207,1,1,0.99999964
Q9Y5Y9,CHEMBL1270100,1,1,0.8524958
Q9Y5Y9,CHEMBL1269991,1,1,0.9999689
Q9Y5Y9,CHEMBL1269990,1,1,1.0
Q9Y5Y9,CHEMBL1269883,1,1,0.8236393
Q9Y5Y9,CHEMBL1269882,1,1,0.99999547
Q9Y5Y9,CHEMBL1271417,1,1,0.99941516
Q9Y5Y9,CHEMBL1271416,1,1,1.0
Q9Y5Y9,CHEMBL1271415,1,1,1.0
Q9Y5Y9,CHEMBL1271309,1,1,1.0
Q9Y5Y9,CHEMBL1271308,1,1,0.99999595
Q9Y5Y9,CHEMBL1271206,1,1,0.9999989
Q9Y5Y9,CHEMBL1271205,1,1,0.99999964
Q9Y5Y9,CHEMBL1271106,1,1,0.9999776
Q9Y5Y9,CHEMBL1271105,1,1,0.9999999
Q9Y5Y9,CHEMBL1270999,1,1,1.0
Q9Y5Y9,CHEMBL1270998,1,1,0.9999982
Q9Y5Y9,CHEMBL1270899,1,1,0.99999726
Q9Y5Y9,CHEMBL1270898,1,1,0.9999691
Q9Y5Y9,CHEMBL1270797,1,1,0.99997365
Q9Y5Y9,CHEMBL1277792,1,1,0.99999535
Q9Y5Y9,CHEMBL1277958,1,1,1.0
Q9Y5Y9,CHEMBL1277877,1,1,1.0
Q9Y5Y9,CHEMBL1277959,1,1,0.9999999
Q9Y5Y9,CHEMBL1277514,1,1,1.0
Q9Y5Y9,CHEMBL1278223,1,1,0.9191143
Q9Y5Y9,CHEMBL1277512,1,1,0.9451518
Q9Y5Y9,CHEMBL1277513,1,1,0.99999917
Q9Y5Y9,CHEMBL1278044,1,1,1.0
Q9Y5Y9,CHEMBL1278224,1,1,0.80306053
Q9Y5Y9,CHEMBL1277607,1,1,0.9999999
Q9Y5Y9,CHEMBL1276882,1,1,0.8358287
Q9Y5Y9,CHEMBL1277606,1,1,0.9999995
Q9Y5Y9,CHEMBL1277876,1,1,0.99999917
Q9Y5Y9,CHEMBL1277700,1,1,0.9998764
Q9Y5Y9,CHEMBL1278045,1,1,0.9358947
Q9Y5Y9,CHEMBL1276881,1,1,0.8383161
Q9Y5Y9,CHEMBL1278138,1,1,0.9999976
Q9Y5Y9,CHEMBL1631088,1,1,0.99996936
Q9Y5Y9,CHEMBL1631093,1,1,0.9999219
Q9Y5Y9,CHEMBL1631095,0,0,8.14372e-05
Q9Y5Y9,CHEMBL1631097,0,1,1.0
Q9Y5Y9,CHEMBL1631098,1,1,0.9999994
Q9Y5Y9,CHEMBL1631099,0,0,7.979756e-05
Q9Y5Y9,CHEMBL1631102,1,1,1.0
Q9Y5Y9,CHEMBL1631103,1,1,1.0
Q9Y5Y9,CHEMBL1631104,1,1,1.0
Q9Y5Y9,CHEMBL2324352,1,1,0.99999607
Q9Y5Y9,CHEMBL507974,1,1,1.0
Q9Y5Y9,CHEMBL3236329,0,0,6.47274e-06
Q9Y5Y9,CHEMBL3236343,0,0,4.4614492e-07
Q01118,CHEMBL3612810,0,0,3.4709103e-08
Q01118,CHEMBL4217988,1,1,1.0
Q01118,CHEMBL3657855,1,1,1.0
Q01118,CHEMBL2325014,1,1,1.0
Q01118,CHEMBL3544913,0,0,1.6999516e-07
Q01118,CHEMBL3707218,1,1,0.9999627
Q01118,CHEMBL3662190,1,0,3.2408775e-07
Q01118,CHEMBL3318132,1,1,1.0
Q01118,CHEMBL4588728,1,1,1.0
Q01118,CHEMBL3416886,1,1,1.0
Q01118,CHEMBL4454760,1,1,1.0
Q01118,CHEMBL507974,1,1,0.99999964
Q01118,CHEMBL501134,1,1,1.0
Q01118,CHEMBL4547737,1,1,0.99999976
Q01118,CHEMBL4458532,1,1,1.0
Q01118,CHEMBL4471012,1,1,1.0
Q01118,CHEMBL4444707,1,1,1.0
Q01118,CHEMBL3945969,1,0,0.00012535688
Q01118,CHEMBL3657851,1,1,1.0
Q01118,CHEMBL3657932,1,1,1.0
Q01118,CHEMBL5082739,1,1,1.0
Q01118,CHEMBL3657939,1,1,1.0
Q01118,CHEMBL3657938,1,1,1.0
Q01118,CHEMBL3662226,1,1,0.99999654
Q01118,CHEMBL5091342,1,1,0.9999988
Q01118,CHEMBL5083410,0,1,0.99984324
Q01118,CHEMBL5081884,1,1,1.0
Q01118,CHEMBL5080891,1,1,1.0
Q01118,CHEMBL5071877,1,1,1.0
Q01118,CHEMBL5082321,1,1,1.0
Q01118,CHEMBL5080495,1,1,1.0
Q01118,CHEMBL5082131,1,1,1.0
Q01118,CHEMBL5079176,1,1,1.0
Q01118,CHEMBL5094715,1,1,1.0
Q01118,CHEMBL5176104,1,1,1.0
Q01118,CHEMBL5182301,1,1,0.99962294
Q01118,CHEMBL5177918,0,0,2.315208e-05
Q01118,CHEMBL5196338,1,1,0.99999475
Q01118,CHEMBL5202508,1,1,1.0
Q01118,CHEMBL5194066,1,1,0.99382555
Q01118,CHEMBL5173050,1,1,0.9999937
Q01118,CHEMBL5208962,1,1,0.9999963
Q01118,CHEMBL5178152,1,1,0.99996626
Q01118,CHEMBL5194991,1,1,0.9999987
Q01118,CHEMBL5186539,1,1,1.0
Q01118,CHEMBL5197085,0,0,3.6298484e-10
Q01118,CHEMBL5179783,0,0,2.2817063e-07
Q01118,CHEMBL5186480,0,0,1.0051476e-06
Q01118,CHEMBL5195306,0,0,4.3249273e-07
Q01118,CHEMBL5174656,0,0,3.231828e-07
Q01118,CHEMBL5180334,0,0,0.0002761079
Q01118,CHEMBL5173502,1,1,0.99995196
Q01118,CHEMBL5197315,1,1,0.5942161
Q01118,CHEMBL5203589,1,1,0.99999714
Q01118,CHEMBL3964900,0,0,0.0011232112
Q01118,CHEMBL5170090,1,1,0.9999707
Q01118,CHEMBL3926656,1,1,0.99964035
Q01118,CHEMBL3971777,1,0,0.00012297124
Q01118,CHEMBL3962762,0,0,2.618146e-09
Q01118,CHEMBL3903851,0,0,6.5300867e-09
Q01118,CHEMBL3935612,0,0,2.547698e-07
Q01118,CHEMBL3893530,0,0,2.4600854e-07
Q01118,CHEMBL3957193,1,0,0.26171443
Q01118,CHEMBL3891495,0,0,1.9481971e-05
Q01118,CHEMBL3960534,0,0,1.1494108e-06
Q01118,CHEMBL3924034,0,0,7.083895e-05
Q01118,CHEMBL3928398,0,0,0.0015899629
Q01118,CHEMBL3917696,0,0,0.012088587
Q01118,CHEMBL3946117,0,0,0.28413808
Q01118,CHEMBL3971533,0,0,1.1469773e-05
Q01118,CHEMBL3965189,1,1,0.99999213
Q01118,CHEMBL3896057,1,1,0.9999654
Q01118,CHEMBL3950180,0,0,2.1110013e-06
Q01118,CHEMBL3929432,0,0,1.6633738e-05
Q01118,CHEMBL3942849,0,0,2.1630564e-08
Q01118,CHEMBL3969113,0,0,3.5182276e-07
Q01118,CHEMBL3939162,0,0,8.1102644e-07
Q01118,CHEMBL3935365,0,0,2.0150917e-05
Q01118,CHEMBL3934019,0,0,1.6340589e-06
P35499,CHEMBL742,0,0,2.6045607e-05
P35499,CHEMBL37316,1,1,1.0
P35499,CHEMBL108,0,0,4.4706157e-06
P35499,CHEMBL38970,1,1,0.9999933
P35499,CHEMBL41864,1,0,0.0019787117
P35499,CHEMBL38488,1,1,1.0
P35499,CHEMBL38031,1,1,0.99999917
P35499,CHEMBL287833,1,1,1.0
P35499,CHEMBL741,0,0,1.1943454e-09
P35499,CHEMBL38876,0,0,4.092037e-06
P35499,CHEMBL39210,0,0,0.02507709
P35499,CHEMBL38401,1,1,0.99992204
P35499,CHEMBL16,0,0,0.00019728339
P35499,CHEMBL289425,1,1,1.0
P35499,CHEMBL37263,1,1,0.80888426
P35499,CHEMBL289421,1,1,0.9998252
P35499,CHEMBL222944,0,0,2.165089e-06
P35499,CHEMBL387108,0,0,2.1650849e-06
P35499,CHEMBL472884,0,0,4.3353357e-06
P35499,CHEMBL473498,0,0,4.3353357e-06
P35499,CHEMBL502686,0,0,5.7940078e-08
P35499,CHEMBL473499,0,0,5.7940078e-08
P35499,CHEMBL473705,0,0,7.7334465e-07
P35499,CHEMBL473706,0,0,7.7334465e-07
P35499,CHEMBL484981,0,0,7.7298786e-08
P35499,CHEMBL484996,0,0,7.729908e-08
P35499,CHEMBL484833,0,0,6.042887e-06
P35499,CHEMBL485002,0,0,6.0428756e-06
P35499,CHEMBL519199,0,0,2.5522408e-07
P35499,CHEMBL485003,0,0,2.5522456e-07
P35499,CHEMBL485004,0,0,0.00018008379
P35499,CHEMBL486721,0,0,0.00018008414
P35499,CHEMBL501346,0,0,2.6178634e-06
P35499,CHEMBL147507,0,0,1.3925795e-07
P35499,CHEMBL146855,0,0,1.392577e-07
P35499,CHEMBL151557,0,0,8.079415e-06
P35499,CHEMBL347767,0,0,8.079415e-06
P35499,CHEMBL446777,0,0,1.4548684e-06
P35499,CHEMBL474672,0,0,1.4548712e-06
P35499,CHEMBL487338,0,0,1.45783e-08
P35499,CHEMBL356399,0,0,1.6988366e-07
P35499,CHEMBL147168,0,0,1.6988366e-07
P35499,CHEMBL486315,0,0,2.6104258e-10
P35499,CHEMBL501561,0,0,2.6104258e-10
P35499,CHEMBL424515,0,0,1.9575033e-05
P35499,CHEMBL486414,0,0,3.3611872e-10
P35499,CHEMBL357719,0,0,1.9023815e-07
P35499,CHEMBL151508,0,0,1.9023796e-07
P35499,CHEMBL149832,1,1,0.9999218
P35499,CHEMBL486528,0,0,3.9489107e-05
P35499,CHEMBL2021482,0,0,3.3942662e-08
P35499,CHEMBL2021481,0,0,3.3942662e-08
P35499,CHEMBL150055,0,0,5.9189293e-09
P35499,CHEMBL443041,0,0,5.9189293e-09
P35499,CHEMBL468775,0,0,7.061044e-09
P35499,CHEMBL485647,0,0,7.061044e-09
P35499,CHEMBL483784,0,0,3.3004656e-06
P35499,CHEMBL452986,0,0,3.3004624e-06
P35499,CHEMBL448542,0,0,1.3200884e-11
P35499,CHEMBL444700,0,0,1.3200909e-11
P35499,CHEMBL1813048,1,1,0.9999726
P35499,CHEMBL405821,1,1,0.99979705
P35499,CHEMBL507974,1,1,0.99999917
P35499,CHEMBL3085868,0,0,3.6842658e-19
P35499,CHEMBL3085867,0,0,7.7927747e-13
P35499,CHEMBL3085866,0,0,1.9223242e-13
P35499,CHEMBL3085878,0,0,1.8960756e-14
P35499,CHEMBL3085877,0,0,1.563908e-18
P35499,CHEMBL3085872,0,0,2.1758455e-13
P35499,CHEMBL3085870,0,0,6.9438756e-12
P35499,CHEMBL3085880,0,0,2.3911163e-17
P35499,CHEMBL3085879,0,0,1.0385506e-12
P35499,CHEMBL3085876,0,0,1.4236138e-12
P35499,CHEMBL3085871,0,0,3.7467425e-11
P35499,CHEMBL3085869,0,0,2.1083016e-10
P35499,CHEMBL3085873,0,0,3.7629114e-12
P35499,CHEMBL3085874,0,0,4.247678e-16
P35499,CHEMBL3085875,0,0,1.6633473e-13
P35499,CHEMBL3113263,0,0,9.358754e-09
P35499,CHEMBL3113244,0,0,2.0697982e-08
P35499,CHEMBL3113245,0,0,1.4902432e-06
P35499,CHEMBL3113246,0,0,1.7921705e-07
P35499,CHEMBL3113247,0,0,5.2509897e-08
P35499,CHEMBL3113248,0,0,5.2509897e-08
P35499,CHEMBL3113249,0,0,1.8599636e-07
P35499,CHEMBL3113250,0,0,3.811306e-09
P35499,CHEMBL3113251,0,0,2.0980107e-07
P35499,CHEMBL3113252,0,0,1.9416757e-07
P35499,CHEMBL3113253,0,0,2.7451042e-06
P35499,CHEMBL3113254,0,0,2.6248458e-06
P35499,CHEMBL3113255,0,0,1.8465524e-06
P35499,CHEMBL3113256,0,0,5.825009e-09
P35499,CHEMBL3113257,0,0,5.569928e-08
P35499,CHEMBL3113258,0,0,5.569928e-08
P35499,CHEMBL3113259,0,0,4.388705e-08
P35499,CHEMBL3113260,0,0,4.388705e-08
P35499,CHEMBL3113261,0,0,1.2819587e-05
P35499,CHEMBL3113243,0,0,7.707744e-06
P27338,CHEMBL331650,1,1,0.9984372
P27338,CHEMBL121432,1,1,0.99966276
P27338,CHEMBL156630,0,0,6.7677465e-12
P27338,CHEMBL155754,0,0,1.0081315e-15
P27338,CHEMBL350093,1,1,0.99997246
P27338,CHEMBL161907,1,1,0.9999087
P27338,CHEMBL17079,1,1,1.0
P27338,CHEMBL348083,0,0,2.7557523e-16
P27338,CHEMBL157182,0,0,1.2229276e-16
P27338,CHEMBL160347,0,0,1.745765e-05
P27338,CHEMBL347197,0,0,8.5986616e-17
P27338,CHEMBL160219,0,0,1.139664e-15
P27338,CHEMBL445916,0,0,3.1413722e-10
P27338,CHEMBL158041,0,0,3.7547537e-19
P27338,CHEMBL434261,1,1,1.0
P27338,CHEMBL348607,0,0,1.5340377e-13
P27338,CHEMBL156919,0,0,4.661457e-18
P27338,CHEMBL156931,0,0,5.270195e-15
P27338,CHEMBL17092,1,1,0.9999851
P27338,CHEMBL160836,0,0,5.577613e-16
P27338,CHEMBL16530,1,1,0.9999943
P27338,CHEMBL348961,1,1,0.9999999
P27338,CHEMBL156861,0,0,1.11041835e-14
P27338,CHEMBL346766,0,0,8.776094e-15
P27338,CHEMBL16623,1,1,0.99999976
P27338,CHEMBL155350,0,0,1.1208268e-16
P27338,CHEMBL155863,0,0,5.3062362e-18
P27338,CHEMBL414637,1,1,0.9998179
P27338,CHEMBL341071,1,1,0.9999995
P27338,CHEMBL127983,1,1,0.9998714
P27338,CHEMBL158946,0,0,2.8048971e-14
P27338,CHEMBL350464,0,0,4.6288926e-16
P27338,CHEMBL161896,1,1,1.0
P27338,CHEMBL304241,0,0,6.426032e-05
P27338,CHEMBL303112,0,0,2.1171192e-05
P27338,CHEMBL62743,0,0,9.063967e-06
P27338,CHEMBL293004,0,0,4.2593864e-08
P27338,CHEMBL65252,0,0,8.7372385e-09
P27338,CHEMBL63223,0,0,0.00010089396
P27338,CHEMBL66639,0,0,5.4281145e-07
P27338,CHEMBL418480,0,1,0.8315727
P27338,CHEMBL291647,0,0,2.0014752e-06
P27338,CHEMBL303594,0,0,2.4978877e-11
P27338,CHEMBL294811,0,0,1.1191581e-09
P27338,CHEMBL65761,0,0,2.6089522e-10
P27338,CHEMBL40901,0,0,0.0020684022
P27338,CHEMBL40948,0,0,1.506633e-05
P27338,CHEMBL41827,0,0,1.5188723e-05
P27338,CHEMBL24172,0,0,0.00011943344
P27338,CHEMBL40791,0,0,0.00010883317
P27338,CHEMBL40735,0,0,3.5257024e-05
P27338,CHEMBL39962,0,0,0.0013223435
P27338,CHEMBL289967,0,0,0.0003098752
P27338,CHEMBL43237,0,0,6.3664095e-07
P27338,CHEMBL41312,0,0,0.0003098755
P27338,CHEMBL299655,1,1,0.99999833
P27338,CHEMBL903,1,1,0.9978801
P27338,CHEMBL2094028,0,1,0.9999764
P27338,CHEMBL542118,1,1,0.99992347
P27338,CHEMBL500093,1,1,0.9994417
P27338,CHEMBL51601,1,1,0.9999882
P27338,CHEMBL2094026,1,1,0.99999976
P27338,CHEMBL2094027,1,1,0.9999186
P27338,CHEMBL2093957,1,1,0.9999186
P27338,CHEMBL1255743,1,1,0.99992347
P27338,CHEMBL545652,0,0,1.7566537e-06
P27338,CHEMBL541281,0,0,3.2861966e-09
P27338,CHEMBL555787,0,0,2.5607744e-06
P27338,CHEMBL545413,1,1,0.99930966
O15399,CHEMBL2333944,0,0,0.08530654
O15399,CHEMBL4435232,0,0,0.0020878173
O15399,CHEMBL2010868,0,0,0.00050598703
O15399,CHEMBL4464605,0,0,0.00025100293
O15399,CHEMBL2333943,0,0,0.00044787177
O15399,CHEMBL1179566,0,0,4.2609056e-08
O15399,CHEMBL1215292,0,0,4.3493972e-05
O15399,CHEMBL305187,0,1,0.7825217
O15399,CHEMBL2333945,0,0,0.00014425161
O15399,CHEMBL1179605,0,0,8.285392e-08
O15399,CHEMBL2397100,0,0,0.0004914618
O15399,CHEMBL4456824,0,0,0.000988611
O15399,CHEMBL4452216,0,0,0.0013070318
O15399,CHEMBL4447266,0,0,0.00034869916
O15399,CHEMBL4544421,0,0,6.972414e-05
O15399,CHEMBL5092058,0,0,8.6812426e-05
O15399,CHEMBL5273123,0,0,0.0006001107
O15399,CHEMBL5416465,0,1,0.9990645
O15399,CHEMBL5421096,0,0,3.4331578e-07
O15399,CHEMBL5409770,0,0,2.5010352e-10
O60391,CHEMBL592,0,0,0.000106092164
O60391,CHEMBL130247,1,1,0.9999893
O60391,CHEMBL435790,1,1,0.99999976
O60391,CHEMBL133531,1,1,0.9806409
O60391,CHEMBL337277,1,1,0.9999112
O60391,CHEMBL133401,1,0,0.27498445
O60391,CHEMBL336430,1,1,0.99983513
O60391,CHEMBL22207,1,1,0.99967945
O60391,CHEMBL133532,1,1,0.99543977
O60391,CHEMBL334822,0,0,0.0026716967
O60391,CHEMBL131093,1,1,1.0
O60391,CHEMBL71,0,1,0.53030246
O60391,CHEMBL130193,0,1,0.99999475
O60391,CHEMBL126035,1,1,0.9982811
O60391,CHEMBL222519,0,0,0.0003419666
O60391,CHEMBL167548,1,1,0.9999999
O60391,CHEMBL155265,1,1,0.9999981
O60391,CHEMBL130213,1,1,0.9999864
O60391,CHEMBL50267,1,1,0.999729
O60391,CHEMBL97051,0,0,3.456869e-06
O60391,CHEMBL2114294,0,0,0.0019458901
O60391,CHEMBL275528,1,1,0.9998652
O60391,CHEMBL94320,0,0,2.4860742e-06
O60391,CHEMBL68831,1,1,0.99999905
O60391,CHEMBL66626,1,1,0.9997315
O60391,CHEMBL302292,1,1,0.99999976
O60391,CHEMBL2114292,0,0,0.00024670118
O60391,CHEMBL2114296,0,0,0.00036420775
O60391,CHEMBL2115272,0,0,0.00024670118
O60391,CHEMBL2114293,0,0,0.0002467014
O60391,CHEMBL68881,1,1,0.99990594
O60391,CHEMBL69219,1,1,0.99996614
O60391,CHEMBL70615,1,1,0.9990357
O60391,CHEMBL306899,1,1,0.99919206
O60391,CHEMBL65954,1,1,0.99999213
O60391,CHEMBL2115273,0,0,0.00036420813
O60391,CHEMBL97590,0,0,2.4860765e-06
O60391,CHEMBL2115271,0,0,0.00024670095
O60391,CHEMBL2114291,0,0,0.00036420775
O60391,CHEMBL2115270,0,0,0.00036420813
O60391,CHEMBL69967,1,1,0.99990594
O60391,CHEMBL319835,0,0,3.4568757e-06
O60391,CHEMBL305195,1,1,0.9999913
O60391,CHEMBL70918,1,1,0.99990594
O60391,CHEMBL2114295,0,0,0.0019458901
O60391,CHEMBL1094879,0,0,0.0019458901
O60391,CHEMBL69429,1,1,0.9999999
O60391,CHEMBL1095519,0,0,0.0019458891
O60391,CHEMBL131272,0,0,0.0053602527
O60391,CHEMBL41399,1,1,1.0
O60391,CHEMBL42466,1,1,0.9999945
O60391,CHEMBL40555,0,0,5.557583e-05
O60391,CHEMBL325856,0,0,0.00019679792
O60391,CHEMBL102740,0,0,0.003662515
O60391,CHEMBL41691,1,1,1.0
O60391,CHEMBL295995,1,1,0.99999666
O60391,CHEMBL291170,0,0,0.18261898
O60391,CHEMBL42694,0,1,0.99994934
O60391,CHEMBL42307,0,1,0.99999857
O60391,CHEMBL42805,0,0,1.1494081e-09
O60391,CHEMBL297881,1,1,0.99999547
O60391,CHEMBL295179,0,1,0.99088633
O60391,CHEMBL291161,1,1,0.9999993
O60391,CHEMBL41340,1,1,1.0
O60391,CHEMBL41291,1,1,0.9999933
O60391,CHEMBL442545,0,0,0.0005586532
O60391,CHEMBL40708,1,0,0.22775525
P49286,CHEMBL127565,1,1,1.0
P49286,CHEMBL123612,1,1,0.99989605
P49286,CHEMBL330969,1,1,1.0
P49286,CHEMBL125705,1,1,1.0
P49286,CHEMBL45,1,1,1.0
P49286,CHEMBL445840,1,1,0.99999845
P49286,CHEMBL339265,1,1,1.0
P49286,CHEMBL124577,1,1,0.9999999
P49286,CHEMBL124422,1,1,1.0
P49286,CHEMBL124217,1,1,1.0
P49286,CHEMBL435586,1,1,1.0
P49286,CHEMBL338659,1,1,0.9999994
P49286,CHEMBL124783,1,1,1.0
P49286,CHEMBL125665,1,1,1.0
P49286,CHEMBL125033,1,1,0.9999999
P49286,CHEMBL123972,1,1,1.0
P49286,CHEMBL126005,1,1,1.0
P49286,CHEMBL331636,1,1,1.0
P49286,CHEMBL127596,1,1,0.99996185
P49286,CHEMBL124782,1,1,1.0
P49286,CHEMBL124914,1,1,0.9999223
P49286,CHEMBL333810,1,1,1.0
P49286,CHEMBL339784,1,1,0.999998
P49286,CHEMBL124488,1,1,0.9999951
P49286,CHEMBL124216,1,1,1.0
P49286,CHEMBL123634,1,1,1.0
P49286,CHEMBL331317,1,1,0.9999999
P49286,CHEMBL127570,1,1,0.9999964
P49286,CHEMBL262890,1,1,1.0
P49286,CHEMBL127576,1,1,1.0
P49286,CHEMBL124445,1,1,1.0
P49286,CHEMBL124476,1,1,0.9999945
P49286,CHEMBL123690,1,1,1.0
P49286,CHEMBL123973,1,1,0.9999995
P49286,CHEMBL123899,1,1,1.0
P49286,CHEMBL125226,1,1,1.0
P49286,CHEMBL125642,1,1,1.0
P49286,CHEMBL124362,1,1,1.0
P49286,CHEMBL334079,1,1,1.0
P49286,CHEMBL14136,1,1,0.9999999
P49286,CHEMBL14417,1,1,0.9999999
P49286,CHEMBL10878,1,1,0.99999964
P49286,CHEMBL14453,1,1,0.9999999
P49286,CHEMBL273787,1,1,0.9999999
P49286,CHEMBL13985,1,1,0.9999999
P49286,CHEMBL14514,1,1,0.9999999
P49286,CHEMBL429392,1,1,0.9999999
P49286,CHEMBL131919,1,1,0.9999999
P49286,CHEMBL291857,1,1,1.0
P49286,CHEMBL94838,1,1,0.99999976
P49286,CHEMBL315653,1,1,1.0
P49286,CHEMBL329263,1,1,1.0
P49286,CHEMBL96333,1,1,1.0
P49286,CHEMBL136895,1,1,1.0
P49286,CHEMBL323332,1,1,0.99999833
P49286,CHEMBL33549,1,1,1.0
P49286,CHEMBL336024,1,1,0.99986255
P49286,CHEMBL94607,1,1,1.0
P49286,CHEMBL327864,1,1,1.0
P49286,CHEMBL445117,1,1,0.9999999
P49286,CHEMBL96562,1,1,1.0
P49286,CHEMBL329086,1,1,1.0
P49286,CHEMBL96420,1,1,1.0
P49286,CHEMBL440144,1,1,0.9999995
P49286,CHEMBL287560,1,1,1.0
P49286,CHEMBL94919,1,1,1.0
P49286,CHEMBL341705,1,1,0.9999497
P49286,CHEMBL138012,1,1,0.999998
P49286,CHEMBL314512,1,1,0.99999595
P49286,CHEMBL329299,1,1,1.0
P49286,CHEMBL94745,1,1,0.9999995
P49286,CHEMBL435023,1,1,0.9999993
P49286,CHEMBL317742,1,1,1.0
P49286,CHEMBL95166,1,1,0.9999999
P49286,CHEMBL98074,1,1,1.0
P49286,CHEMBL139439,1,1,0.9999958
P49286,CHEMBL344449,1,1,0.999998
P49286,CHEMBL136894,1,1,0.9999993
P49286,CHEMBL96859,1,1,0.99999976
P49286,CHEMBL136531,1,1,0.9999497
P49286,CHEMBL96548,1,1,0.9999994
P49286,CHEMBL138228,1,1,0.9999958
P49286,CHEMBL330137,1,1,1.0
P49286,CHEMBL342393,1,1,1.0
P49286,CHEMBL96104,1,1,1.0
P49286,CHEMBL328617,1,1,0.9999999
P49286,CHEMBL136431,1,1,0.99999905
P49286,CHEMBL329960,1,1,1.0
P48039,CHEMBL127565,1,1,1.0
P48039,CHEMBL123612,1,1,0.9993606
P48039,CHEMBL330969,1,1,1.0
P48039,CHEMBL125705,1,1,1.0
P48039,CHEMBL45,1,1,0.9999999
P48039,CHEMBL445840,1,1,0.99999034
P48039,CHEMBL339265,1,1,1.0
P48039,CHEMBL124577,1,1,0.9999993
P48039,CHEMBL124422,1,1,1.0
P48039,CHEMBL124217,1,1,1.0
P48039,CHEMBL435586,1,1,0.99999976
P48039,CHEMBL338659,1,1,0.99999666
P48039,CHEMBL124783,1,1,1.0
P48039,CHEMBL125665,1,1,1.0
P48039,CHEMBL125033,1,1,0.9999994
P48039,CHEMBL123972,1,1,1.0
P48039,CHEMBL126005,1,1,0.9999999
P48039,CHEMBL331636,1,1,0.9999999
P48039,CHEMBL127596,1,1,0.99979
P48039,CHEMBL124782,1,1,1.0
P48039,CHEMBL124914,1,1,0.99957985
P48039,CHEMBL333810,1,1,1.0
P48039,CHEMBL339784,1,1,0.99998784
P48039,CHEMBL124488,1,1,0.99997294
P48039,CHEMBL124216,1,1,1.0
P48039,CHEMBL123634,1,1,1.0
P48039,CHEMBL331317,1,1,0.99999917
P48039,CHEMBL127570,1,1,0.99997973
P48039,CHEMBL262890,1,1,1.0
P48039,CHEMBL127576,1,1,0.99999976
P48039,CHEMBL124445,1,1,0.99999976
P48039,CHEMBL124476,1,1,0.9999708
P48039,CHEMBL123690,1,1,1.0
P48039,CHEMBL123973,1,1,0.999997
P48039,CHEMBL123899,1,1,1.0
P48039,CHEMBL125226,1,1,1.0
P48039,CHEMBL125642,1,1,1.0
P48039,CHEMBL124362,1,1,1.0
P48039,CHEMBL334079,1,1,1.0
P48039,CHEMBL14136,1,1,0.9999993
P48039,CHEMBL14417,1,1,0.9999993
P48039,CHEMBL10878,1,1,0.99999785
P48039,CHEMBL14453,1,1,0.9999994
P48039,CHEMBL273787,1,1,0.9999993
P48039,CHEMBL13985,1,1,0.9999993
P48039,CHEMBL14514,1,1,0.9999993
P48039,CHEMBL429392,1,1,0.9999994
P48039,CHEMBL131919,1,1,0.99999964
P48039,CHEMBL291857,1,1,0.99999976
P48039,CHEMBL134416,1,1,0.9999759
P48039,CHEMBL94838,1,1,0.9999988
P48039,CHEMBL315653,1,1,1.0
P48039,CHEMBL329263,1,1,1.0
P48039,CHEMBL96333,1,1,1.0
P48039,CHEMBL136895,1,1,0.9999999
P48039,CHEMBL323332,1,1,0.9999913
P48039,CHEMBL33549,1,1,1.0
P48039,CHEMBL336024,1,1,0.99932575
P48039,CHEMBL94607,1,1,1.0
P48039,CHEMBL327864,1,1,1.0
P48039,CHEMBL445117,1,1,0.9999995
P48039,CHEMBL96562,1,1,1.0
P48039,CHEMBL329086,1,1,1.0
P48039,CHEMBL96420,1,1,0.9999999
P48039,CHEMBL440144,1,1,0.9999974
P48039,CHEMBL287560,1,1,0.9999999
P48039,CHEMBL94919,1,1,1.0
P48039,CHEMBL341705,1,1,0.9997578
P48039,CHEMBL138012,1,1,0.99999094
P48039,CHEMBL314512,1,1,0.9999788
P48039,CHEMBL329299,1,1,1.0
P48039,CHEMBL94745,1,1,0.9999976
P48039,CHEMBL435023,1,1,0.999997
P48039,CHEMBL317742,1,1,1.0
P48039,CHEMBL95166,1,1,0.9999995
P48039,CHEMBL98074,1,1,1.0
P48039,CHEMBL139439,1,1,0.99998116
P48039,CHEMBL344449,1,1,0.99999094
P48039,CHEMBL136894,1,1,0.999997
P48039,CHEMBL96859,1,1,0.9999987
P48039,CHEMBL136531,1,1,0.9997578
P48039,CHEMBL96548,1,1,0.9999969
P48039,CHEMBL138228,1,1,0.99998116
P48039,CHEMBL330137,1,1,1.0
P48039,CHEMBL342393,1,1,0.9999999
P48039,CHEMBL96104,1,1,1.0
P48039,CHEMBL328617,1,1,0.9999994
P48039,CHEMBL136431,1,1,0.99999547
P41145,CHEMBL108417,0,0,1.4637643e-06
P41145,CHEMBL322717,0,0,4.841146e-09
P41145,CHEMBL423694,0,0,1.7461048e-09
P41145,CHEMBL148416,0,0,0.0019408026
P41145,CHEMBL278078,0,0,2.270229e-09
P41145,CHEMBL146140,0,0,0.0011535414
P41145,CHEMBL146682,0,1,0.5746094
P41145,CHEMBL110138,0,0,0.061949264
P41145,CHEMBL110379,0,0,4.088665e-11
P41145,CHEMBL343246,1,1,0.99999726
P41145,CHEMBL146884,1,1,0.9988589
P41145,CHEMBL149668,1,1,0.99937254
P41145,CHEMBL448155,0,0,0.034499295
P41145,CHEMBL321462,0,0,5.280286e-07
P41145,CHEMBL107288,0,0,2.2406537e-09
P41145,CHEMBL108893,0,0,2.2406579e-09
P41145,CHEMBL344541,1,1,0.99865663
P41145,CHEMBL148219,1,1,0.9994925
P41145,CHEMBL147275,1,1,0.99993825
P41145,CHEMBL327118,0,0,2.6997066e-07
P41145,CHEMBL554230,0,0,6.2860613e-07
P41145,CHEMBL13470,0,0,0.11424973
P41145,CHEMBL127802,0,0,8.1607205e-08
P41145,CHEMBL345269,0,1,0.59029585
P41145,CHEMBL148083,1,1,0.99981993
P41145,CHEMBL126946,0,0,8.2031765e-10
P41145,CHEMBL144483,1,1,0.9998777
P41145,CHEMBL66265,1,1,0.99998116
P41145,CHEMBL147651,1,1,0.99981993
P41145,CHEMBL338980,0,0,1.5712449e-07
P41145,CHEMBL108904,1,1,0.99784493
P41145,CHEMBL324895,0,0,2.4828386e-12
P41145,CHEMBL415521,0,0,9.269386e-11
P41145,CHEMBL126884,0,0,1.1761053e-08
P41145,CHEMBL338089,0,0,2.649283e-11
P41145,CHEMBL148117,1,1,0.99999356
P41145,CHEMBL342965,1,1,0.59029585
P41145,CHEMBL290543,1,0,0.051359795
P41145,CHEMBL317479,1,1,0.6240454
P41145,CHEMBL320804,0,0,1.8162066e-08
P41145,CHEMBL110933,0,0,1.1861075e-08
P41145,CHEMBL358727,1,1,0.9419363
P41145,CHEMBL126255,0,0,2.9590852e-09
P41145,CHEMBL106084,0,0,3.198094e-09
P41145,CHEMBL106190,0,0,4.088665e-11
P41145,CHEMBL359252,1,1,0.6702524
P41145,CHEMBL316961,0,1,0.6240454
P41145,CHEMBL110126,1,1,0.97932124
P41145,CHEMBL126857,0,0,2.1331362e-11
P41145,CHEMBL126842,0,0,3.7900314e-08
P41145,CHEMBL356506,0,0,0.0024358938
P41145,CHEMBL146474,0,0,0.005100808
P41145,CHEMBL106359,0,0,1.539517e-08
P41145,CHEMBL324897,0,0,1.0285556e-09
P41145,CHEMBL108995,0,0,3.1981062e-09
P41145,CHEMBL108900,0,0,2.4828386e-12
P41145,CHEMBL339457,0,0,7.0411663e-09
P41145,CHEMBL129315,0,0,2.1677543e-10
P41145,CHEMBL340131,0,0,5.717162e-16
P41145,CHEMBL106235,0,0,1.816203e-08
P41145,CHEMBL127788,0,0,1.5323848e-10
P41145,CHEMBL148892,0,1,0.5942515
P41145,CHEMBL129693,0,0,7.856666e-09
P41145,CHEMBL343661,1,1,0.99995697
P41145,CHEMBL146555,1,1,0.5942515
P41145,CHEMBL129034,0,0,0.062744714
P41145,CHEMBL127495,0,0,8.972685e-12
P41145,CHEMBL340476,0,1,0.9659583
P41145,CHEMBL126141,1,0,1.0147051e-09
P41145,CHEMBL146533,0,0,4.049987e-06
P41145,CHEMBL108894,1,1,0.99979454
P41145,CHEMBL147437,0,0,6.258283e-05
P41145,CHEMBL419179,0,0,7.531624e-06
P41145,CHEMBL106155,0,0,4.841146e-09
P41145,CHEMBL126370,0,0,4.1953747e-08
P41145,CHEMBL357297,1,1,0.5746094
P41145,CHEMBL106785,0,0,2.9804138e-05
P41145,CHEMBL320582,0,0,1.5174459e-06
P41145,CHEMBL339552,1,1,0.9984842
P41145,CHEMBL344342,1,1,0.99999976
P41145,CHEMBL345513,1,1,0.9752607
P41145,CHEMBL324635,0,0,1.8382697e-06
P41145,CHEMBL339922,0,0,2.8549133e-08
P41145,CHEMBL146519,1,1,0.9991084
P41145,CHEMBL146413,1,1,0.9986627
P41145,CHEMBL146612,1,1,0.9999263
P41145,CHEMBL131328,1,1,0.99861395
P41145,CHEMBL106043,0,0,6.283464e-06
P41145,CHEMBL339898,0,0,2.6204104e-08
P41145,CHEMBL129300,0,0,5.698736e-14
P41145,CHEMBL343858,1,1,0.99995697
P21728,CHEMBL304535,1,1,1.0
P21728,CHEMBL58422,1,1,1.0
P21728,CHEMBL303012,1,1,1.0
P21728,CHEMBL307790,1,1,0.9999987
P21728,CHEMBL56666,1,1,1.0
P21728,CHEMBL294012,1,1,1.0
P21728,CHEMBL62,1,1,1.0
P21728,CHEMBL444321,1,1,1.0
P21728,CHEMBL298406,1,1,1.0
P21728,CHEMBL59,1,1,0.96371377
P21728,CHEMBL24077,1,1,0.9999865
P21728,CHEMBL71600,1,1,1.0
P21728,CHEMBL100454,1,1,0.9988657
P21728,CHEMBL300647,1,1,1.0
P21728,CHEMBL150800,1,1,1.0
P21728,CHEMBL715,1,1,0.99895835
P21728,CHEMBL1125,1,1,0.99784863
P21728,CHEMBL356597,1,1,1.0
P21728,CHEMBL440512,1,1,0.99845743
P21728,CHEMBL45491,1,1,0.99999356
P21728,CHEMBL15928,0,0,0.48122892
P21728,CHEMBL434215,1,1,1.0
P21728,CHEMBL87897,1,1,0.9928168
P21728,CHEMBL2115213,1,1,0.99979764
P21728,CHEMBL420972,1,1,0.99997604
P21728,CHEMBL420788,1,1,0.99999166
P21728,CHEMBL87910,1,1,0.99988985
P21728,CHEMBL87172,1,1,0.9987607
P21728,CHEMBL315849,1,1,0.9999937
P21728,CHEMBL85409,1,1,0.99999154
P21728,CHEMBL87958,1,1,0.9990393
P21728,CHEMBL84983,1,1,0.9999975
P21728,CHEMBL431220,1,1,0.9999434
P21728,CHEMBL83080,0,1,0.6298534
P21728,CHEMBL415080,1,1,0.9982369
P21728,CHEMBL2114209,1,1,0.99979764
P21728,CHEMBL419680,1,1,0.999977
P21728,CHEMBL86325,1,1,0.9999796
P21728,CHEMBL86931,1,1,0.6298534
P21728,CHEMBL86669,1,1,0.999969
P21728,CHEMBL315516,0,1,0.936021
P21728,CHEMBL86576,1,1,0.9991198
P21728,CHEMBL313530,1,1,0.99999976
P21728,CHEMBL85552,0,0,0.00090311293
P21728,CHEMBL315750,1,1,0.9984665
P21728,CHEMBL315005,1,1,0.9716079
P21728,CHEMBL314459,1,1,0.99986196
P21728,CHEMBL85689,1,1,0.99986196
P21728,CHEMBL313304,1,1,0.99962866
P21728,CHEMBL420604,1,1,0.9999994
P21728,CHEMBL315535,1,1,0.99999094
P21728,CHEMBL84557,1,1,0.99999976
P21728,CHEMBL315468,1,1,0.6298534
P21728,CHEMBL87734,1,1,0.9969734
P21728,CHEMBL82899,1,1,0.99987245
P21728,CHEMBL293828,1,1,0.99997795
P21728,CHEMBL303993,1,1,0.9999987
P21728,CHEMBL323356,0,0,1.4886473e-05
P21728,CHEMBL65397,1,1,0.99999666
P21728,CHEMBL293158,1,1,0.9999987
P21728,CHEMBL59603,1,1,1.0
P21728,CHEMBL302393,1,1,0.99995124
P21728,CHEMBL64117,1,1,0.9999895
P21728,CHEMBL69733,0,1,0.6444338
P21728,CHEMBL708,1,1,1.0
P21728,CHEMBL611801,0,0,0.00036049378
P21728,CHEMBL34095,1,1,0.9999931
P21728,CHEMBL612083,0,0,0.0038386744
P21728,CHEMBL716,0,1,0.99998856
P21728,CHEMBL432579,0,0,5.930164e-07
P21728,CHEMBL25856,0,0,3.3085234e-06
P21728,CHEMBL531,0,0,1.1810768e-05
P21728,CHEMBL225230,0,0,6.3454344e-09
P21728,CHEMBL609151,0,0,0.00019414243
P21728,CHEMBL42,1,1,0.9999995
P21728,CHEMBL85,1,1,1.0
P21728,CHEMBL145584,0,0,0.008355467
P21728,CHEMBL54,1,1,0.66247684
P21728,CHEMBL285802,1,1,0.99997246
P21728,CHEMBL317741,1,1,0.9999932
P21728,CHEMBL11608,0,0,0.002506647
P21728,CHEMBL1160787,1,1,0.99999225
P21728,CHEMBL240773,0,0,1.5127358e-05
P21728,CHEMBL12713,1,1,0.99999976
P21728,CHEMBL157138,1,1,0.9999995
P21728,CHEMBL588,1,1,0.9999999
P21728,CHEMBL294649,0,0,3.5457007e-05
P21728,CHEMBL321042,1,1,0.9999976
P21728,CHEMBL322760,1,1,1.0
P21728,CHEMBL113196,1,1,1.0
P35372,CHEMBL108417,0,0,0.0008072694
P35372,CHEMBL322717,0,0,2.8736988e-06
P35372,CHEMBL423694,0,0,4.898317e-06
P35372,CHEMBL278078,0,0,3.5081807e-06
P35372,CHEMBL110138,1,1,0.950758
P35372,CHEMBL110379,0,0,2.3636574e-08
P35372,CHEMBL448155,1,1,0.92890245
P35372,CHEMBL321462,0,0,0.0003237391
P35372,CHEMBL107288,0,0,1.3025199e-06
P35372,CHEMBL108893,0,0,1.3025186e-06
P35372,CHEMBL327118,0,0,0.00015186945
P35372,CHEMBL13470,1,1,0.89112777
P35372,CHEMBL127802,0,0,0.0003456036
P35372,CHEMBL126946,0,0,6.795465e-07
P35372,CHEMBL338980,0,0,0.00014881264
P35372,CHEMBL108904,1,1,0.9999651
P35372,CHEMBL324895,0,0,1.4463354e-09
P35372,CHEMBL415521,0,0,1.11645136e-07
P35372,CHEMBL126884,0,0,1.5608603e-05
P35372,CHEMBL338089,0,0,1.4466843e-07
P35372,CHEMBL317479,1,1,0.60894704
P35372,CHEMBL320804,0,0,1.1157824e-05
P35372,CHEMBL110933,0,0,7.580479e-06
P35372,CHEMBL126255,0,0,3.6897056e-06
P35372,CHEMBL106084,0,0,1.8795776e-06
P35372,CHEMBL106190,0,0,2.3636574e-08
P35372,CHEMBL316961,0,1,0.60894704
P35372,CHEMBL110126,1,1,0.9994381
P35372,CHEMBL126857,0,0,6.232886e-08
P35372,CHEMBL126842,0,0,5.8672507e-05
P35372,CHEMBL106359,0,0,8.74648e-06
P35372,CHEMBL324897,0,0,6.0490873e-07
P35372,CHEMBL108995,0,0,1.8795776e-06
P35372,CHEMBL108900,0,0,1.4463354e-09
P35372,CHEMBL339457,0,0,4.4309427e-06
P35372,CHEMBL129315,0,0,3.2570543e-07
P35372,CHEMBL340131,0,0,1.1385425e-12
P35372,CHEMBL106235,0,0,1.1157803e-05
P35372,CHEMBL127788,0,0,1.9790355e-07
P35372,CHEMBL129693,0,0,1.8911436e-05
P35372,CHEMBL129034,1,1,0.7399001
P35372,CHEMBL127495,0,0,1.26718875e-08
P35372,CHEMBL340476,1,1,0.99956316
P35372,CHEMBL126141,0,0,1.4147661e-06
P35372,CHEMBL108894,1,1,0.99999344
P35372,CHEMBL419179,0,0,0.004252432
P35372,CHEMBL106155,0,0,2.8736963e-06
P35372,CHEMBL126370,0,0,2.6655767e-05
P35372,CHEMBL106785,0,0,0.030938126
P35372,CHEMBL320582,0,0,0.0015986223
P35372,CHEMBL324635,0,0,0.0010559211
P35372,CHEMBL339922,0,0,8.5502914e-05
P35372,CHEMBL106043,0,0,0.014877081
P35372,CHEMBL339898,0,0,1.4108698e-05
P35372,CHEMBL129300,0,0,1.0479698e-10
P35372,CHEMBL431445,0,0,0.12691963
P35372,CHEMBL106366,0,0,7.580479e-06
P35372,CHEMBL127007,0,0,3.2370637e-05
P35372,CHEMBL63563,1,1,0.9999707
P35372,CHEMBL217379,1,1,0.999949
P35372,CHEMBL2369408,0,0,1.4597469e-12
P35372,CHEMBL1161417,1,1,1.0
P35372,CHEMBL1161413,1,1,1.0
P35372,CHEMBL302801,1,1,0.999877
P35372,CHEMBL610046,1,1,1.0
P35372,CHEMBL101519,1,1,0.9999999
P35372,CHEMBL2369407,0,0,4.504808e-09
P35372,CHEMBL413729,0,0,1.6141609e-11
P35372,CHEMBL1161415,1,1,1.0
P35372,CHEMBL63651,1,1,0.9999981
P35372,CHEMBL65259,1,1,0.99998593
P35372,CHEMBL67326,1,1,0.99995005
P35372,CHEMBL1161429,1,1,1.0
P35372,CHEMBL304214,1,1,0.99996686
P35372,CHEMBL68342,1,1,0.99999535
P35372,CHEMBL610550,1,1,0.9999635
P35372,CHEMBL2369394,0,0,3.997474e-10
P35372,CHEMBL279638,1,1,0.9999877
P35372,CHEMBL306463,1,1,0.999997
P35372,CHEMBL292332,1,1,0.9999993
P35372,CHEMBL1161412,1,1,1.0
P35372,CHEMBL2369393,0,0,1.4617894e-08
P35372,CHEMBL269483,1,1,0.9999956
P35372,CHEMBL1161419,1,1,0.9985019
P35372,CHEMBL1161414,1,1,1.0
P35372,CHEMBL307973,1,1,0.9999416
P35372,CHEMBL303148,1,1,0.9999975
P35372,CHEMBL303875,1,1,0.99976045
P35372,CHEMBL304466,0,0,0.00010926909
P35372,CHEMBL416680,1,1,0.99999285
P35372,CHEMBL302142,1,1,0.99999535
P35372,CHEMBL1161425,1,1,1.0
P35372,CHEMBL1790709,1,1,0.99999845
P35372,CHEMBL67289,1,1,0.999995
P29218,CHEMBL5653589,0,1,0.65791756
P35367,CHEMBL100454,1,1,0.9938671
P35367,CHEMBL715,1,1,0.9895319
P35367,CHEMBL1125,1,1,0.9813477
P35367,CHEMBL440512,1,1,0.99039257
P35367,CHEMBL156071,0,0,1.1960957e-05
P35367,CHEMBL346574,0,0,3.3571204e-09
P35367,CHEMBL294061,1,1,1.0
P35367,CHEMBL302231,1,1,1.0
P35367,CHEMBL152122,0,0,8.567951e-09
P35367,CHEMBL24665,0,0,4.690772e-05
P35367,CHEMBL13795,1,1,1.0
P35367,CHEMBL157842,0,0,8.567951e-09
P35367,CHEMBL153994,0,0,2.493361e-05
P35367,CHEMBL156131,0,0,1.2364078e-06
P35367,CHEMBL94249,0,0,1.1960957e-05
P35367,CHEMBL157217,0,0,0.0024724186
P35367,CHEMBL155328,0,0,1.0315227e-06
P35367,CHEMBL359122,0,0,5.0566675e-09
P35367,CHEMBL90,1,1,0.99998105
P35367,CHEMBL155314,0,0,1.1960957e-05
P35367,CHEMBL274767,0,0,2.1722089e-09
P35367,CHEMBL554031,0,0,1.1960957e-05
P35367,CHEMBL152221,0,0,0.002472416
P35367,CHEMBL350878,0,0,2.0991862e-09
P35367,CHEMBL11584,0,0,7.363476e-08
P35367,CHEMBL155188,0,0,1.1960968e-05
P35367,CHEMBL11879,0,0,0.00014609405
P35367,CHEMBL32813,0,0,4.184418e-08
P35367,CHEMBL157843,0,0,3.306704e-14
P35367,CHEMBL345185,0,0,1.1960957e-05
P35367,CHEMBL1241,0,0,1.6408845e-15
P35367,CHEMBL154047,0,0,3.306704e-14
P35367,CHEMBL346993,0,0,3.1795636e-05
P35367,CHEMBL292924,1,1,1.0
P35367,CHEMBL418470,1,1,1.0
P35367,CHEMBL153919,0,0,5.0464688e-11
P35367,CHEMBL292558,1,1,1.0
P35367,CHEMBL152126,0,0,0.002472416
P35367,CHEMBL287052,0,0,1.7305548e-09
P35367,CHEMBL11603,0,0,2.1436996e-07
P35367,CHEMBL90063,0,0,1.1960957e-05
P35367,CHEMBL158352,0,0,1.19609795e-05
P35367,CHEMBL154695,0,0,1.2090929e-06
P35367,CHEMBL154566,0,0,3.3067102e-14
P35367,CHEMBL157273,0,0,5.0566675e-09
P35367,CHEMBL60716,1,1,1.0
P35367,CHEMBL157328,0,0,0.0005619973
P35367,CHEMBL13559,1,1,1.0
P35367,CHEMBL275507,0,0,7.521723e-08
P35367,CHEMBL274768,0,0,2.2406024e-09
P35367,CHEMBL59389,1,1,1.0
P35367,CHEMBL305135,1,1,1.0
P35367,CHEMBL154068,0,0,1.5675257e-06
P35367,CHEMBL157264,0,0,5.7099183e-11
P35367,CHEMBL511,0,0,5.2362737e-13
P35367,CHEMBL104994,0,0,1.919969e-12
P35367,CHEMBL107293,0,0,4.0446116e-07
P35367,CHEMBL102840,0,0,1.1550287e-05
P35367,CHEMBL104808,0,0,4.8656335e-07
P35367,CHEMBL105071,0,0,5.762526e-06
P35367,CHEMBL101634,0,0,4.5771428e-10
P35367,CHEMBL102925,0,0,5.6905583e-06
P35367,CHEMBL430502,0,0,0.00013280366
P35367,CHEMBL103027,0,0,1.5441464e-07
P35367,CHEMBL319231,0,0,3.932102e-09
P35367,CHEMBL320174,0,0,3.6075656e-07
P35367,CHEMBL102331,0,0,9.599631e-11
P35367,CHEMBL101748,0,0,2.483853e-07
P35367,CHEMBL104618,0,0,3.1418427e-08
P35367,CHEMBL321320,0,0,8.070212e-09
P35367,CHEMBL104344,0,0,1.6857004e-05
P35367,CHEMBL322678,0,0,9.614486e-08
P35367,CHEMBL102390,0,0,9.1278116e-07
P35367,CHEMBL102384,0,0,1.3523771e-09
P35367,CHEMBL321709,0,0,6.9387914e-07
P41595,CHEMBL55969,1,1,1.0
P41595,CHEMBL53939,1,1,1.0
P41595,CHEMBL293597,1,1,1.0
P41595,CHEMBL54719,1,1,1.0
P41595,CHEMBL55914,1,1,1.0
P41595,CHEMBL292759,1,1,0.6894386
P41595,CHEMBL55344,1,1,1.0
P41595,CHEMBL55784,1,1,1.0
P41595,CHEMBL29846,1,1,0.6931024
P41595,CHEMBL52592,1,1,1.0
P41595,CHEMBL291949,1,1,1.0
P41595,CHEMBL300618,1,1,1.0
P41595,CHEMBL52783,1,1,0.9999989
P41595,CHEMBL55597,1,1,1.0
P41595,CHEMBL293937,1,1,1.0
P41595,CHEMBL54707,1,1,1.0
P41595,CHEMBL542139,0,0,0.39656085
P41595,CHEMBL55335,1,1,1.0
P41595,CHEMBL55388,1,1,1.0
P41595,CHEMBL56405,1,1,0.9999999
P41595,CHEMBL54484,1,1,1.0
P41595,CHEMBL53063,1,1,1.0
P41595,CHEMBL301409,1,1,1.0
P41595,CHEMBL432879,1,1,1.0
P41595,CHEMBL76307,1,1,0.9999504
P41595,CHEMBL451543,1,1,1.0
P41595,CHEMBL80862,1,1,0.99992216
P41595,CHEMBL80246,1,1,0.9999999
P41595,CHEMBL80731,1,1,0.9999999
P41595,CHEMBL29433,0,1,0.68156177
P41595,CHEMBL282971,0,1,0.68156177
P41595,CHEMBL309760,1,1,0.9999455
P41595,CHEMBL76301,1,1,1.0
P41595,CHEMBL76781,1,1,0.9999995
P41595,CHEMBL29410,0,1,0.67182225
P41595,CHEMBL39,1,1,1.0
P41595,CHEMBL276140,1,1,0.99997723
P41595,CHEMBL80366,1,1,1.0
P41595,CHEMBL76474,1,1,1.0
P41595,CHEMBL77880,1,1,0.99999976
P41595,CHEMBL431298,0,1,0.5422141
P41595,CHEMBL80482,1,1,0.9971783
P41595,CHEMBL478,1,1,0.7497919
P41595,CHEMBL297784,1,1,0.66632456
P41595,CHEMBL14563,1,1,1.0
P41595,CHEMBL158627,1,1,0.9999976
P41595,CHEMBL300835,1,1,0.9999907
P41595,CHEMBL56557,1,1,0.99951875
P41595,CHEMBL54062,1,1,0.99999964
P41595,CHEMBL59266,1,1,0.9994561
P41595,CHEMBL57135,1,1,0.9999974
P41595,CHEMBL417753,1,1,0.99998987
P41595,CHEMBL149024,1,1,0.99999166
P41595,CHEMBL301209,1,1,0.99999726
P41595,CHEMBL6616,1,1,0.9998393
P41595,CHEMBL299498,1,1,0.99997735
P41595,CHEMBL101008,1,1,0.99999917
P41595,CHEMBL291536,0,0,5.2519584e-09
P41595,CHEMBL102347,1,1,1.0
P41595,CHEMBL316527,1,1,0.99985576
P41595,CHEMBL319415,1,1,0.9999386
P41595,CHEMBL26687,1,1,0.9999112
P41595,CHEMBL149564,1,1,0.9998976
P41595,CHEMBL273921,1,1,0.5518993
P41595,CHEMBL357702,1,1,0.99999964
P41595,CHEMBL358810,1,1,0.99999964
P41595,CHEMBL148463,1,1,0.99876153
P41595,CHEMBL147656,1,1,1.0
P41595,CHEMBL147434,1,1,0.99999905
P41595,CHEMBL358522,1,1,0.99999964
P41595,CHEMBL148091,1,1,0.9999876
P41595,CHEMBL138989,1,1,0.9999975
P41595,CHEMBL263881,1,1,1.0
P41595,CHEMBL343755,1,1,0.9999975
P41595,CHEMBL137781,1,1,0.9999975
P41595,CHEMBL31115,1,1,0.999824
P41595,CHEMBL282199,0,0,0.00034922542
P41595,CHEMBL135076,1,1,0.5933966
P41595,CHEMBL114012,0,0,0.11573083
P41595,CHEMBL133455,1,1,0.59339666
P41595,CHEMBL133868,1,1,0.59339666
P21918,CHEMBL282116,1,1,0.99999535
P21918,CHEMBL432579,0,0,6.411593e-09
P21918,CHEMBL138989,1,1,0.9999685
P21918,CHEMBL263881,1,1,0.99999964
P21918,CHEMBL343755,1,1,0.9999685
P21918,CHEMBL137781,1,1,0.9999685
P21918,CHEMBL418854,1,1,0.99974376
P21918,CHEMBL1794855,0,0,0.49192095
P21918,CHEMBL42,1,1,0.99998724
P21918,CHEMBL328866,0,1,0.99977666
P21918,CHEMBL54,1,1,0.6961301
P21918,CHEMBL116735,0,0,0.005354177
P21918,CHEMBL116463,1,1,1.0
P21918,CHEMBL326263,1,1,0.9999918
P21918,CHEMBL113956,0,0,0.18089442
P21918,CHEMBL114825,0,0,0.027078798
P21918,CHEMBL117537,0,0,0.00042384877
P21918,CHEMBL325516,0,0,0.059675835
P21918,CHEMBL115444,0,0,0.0017532235
P21918,CHEMBL419505,0,0,8.347969e-07
P21918,CHEMBL300780,0,0,0.0022475766
P21918,CHEMBL184049,1,1,0.9999479
P21918,CHEMBL184050,1,1,0.99987614
P21918,CHEMBL186720,1,1,0.98929286
P21918,CHEMBL435505,1,1,0.9999461
P21918,CHEMBL364565,1,1,0.9999888
P21918,CHEMBL365697,1,1,0.9998117
P21918,CHEMBL184073,1,1,0.99999547
P21918,CHEMBL187367,1,1,0.9993419
P21918,CHEMBL556194,0,0,1.4299775e-05
P21918,CHEMBL558040,0,0,4.7415217e-08
P21918,CHEMBL536044,0,0,1.2838426e-10
P21918,CHEMBL558364,0,0,1.9735144e-06
P21918,CHEMBL536271,0,0,2.9497953e-11
P21918,CHEMBL535151,0,0,2.1456342e-08
P21918,CHEMBL557781,0,0,0.0003360486
P21918,CHEMBL540867,0,0,1.6174753e-06
P21918,CHEMBL558766,0,0,5.767309e-10
P21918,CHEMBL557782,0,0,3.8056987e-05
P21918,CHEMBL535602,0,0,1.544153e-10
P21918,CHEMBL559164,0,0,5.353443e-07
P21918,CHEMBL554303,0,0,1.843345e-07
P21918,CHEMBL553690,0,0,2.295393e-07
P21918,CHEMBL557840,0,0,3.3042158e-09
P21918,CHEMBL557582,0,0,4.5475087e-08
P21918,CHEMBL540868,0,0,1.2016872e-09
P21918,CHEMBL534706,0,0,2.944966e-07
P21918,CHEMBL557171,0,0,9.907656e-05
P21918,CHEMBL534478,0,0,3.6144036e-05
P21918,CHEMBL539334,0,0,5.541037e-07
P21918,CHEMBL535374,0,0,5.71266e-05
P21918,CHEMBL535823,0,0,1.3221874e-07
P21918,CHEMBL540613,0,0,0.00010108579
P21918,CHEMBL59,0,0,0.38855705
P21918,CHEMBL62,1,1,0.9999987
P21918,CHEMBL372453,0,0,4.158336e-06
P21918,CHEMBL194206,0,0,8.25446e-08
P21918,CHEMBL197408,0,0,3.0147394e-06
P21918,CHEMBL196598,0,0,6.784251e-08
P21918,CHEMBL197796,0,0,9.139726e-06
P21918,CHEMBL195927,0,0,3.549591e-05
P21918,CHEMBL15928,0,0,0.015431257
P21918,CHEMBL196370,0,0,5.7065904e-06
P21918,CHEMBL370128,0,0,0.0003267275
P21918,CHEMBL196169,0,0,3.4039385e-05
P21918,CHEMBL199824,0,0,0.0012036648
P21918,CHEMBL382850,1,1,0.9999975
P21918,CHEMBL201584,1,1,0.99988246
P21918,CHEMBL201432,1,1,0.9994367
P21918,CHEMBL1204122,1,1,0.9999416
P21918,CHEMBL1202298,1,1,0.99983907
P21918,CHEMBL201525,1,1,0.9997342
P21918,CHEMBL201093,1,1,0.9999907
P21918,CHEMBL201483,1,1,1.0
P21918,CHEMBL202924,0,0,7.242499e-06
P21918,CHEMBL201232,0,0,0.00013818042
P21918,CHEMBL204065,1,1,0.99995553
P21918,CHEMBL381936,1,1,0.9983499
P21918,CHEMBL203047,1,1,1.0
P21918,CHEMBL380464,1,1,0.9999963
P21918,CHEMBL382010,1,1,0.9962655
P21918,CHEMBL204098,1,1,0.9989755
P28222,CHEMBL15928,1,1,0.81965417
P28222,CHEMBL321818,1,1,0.99997926
P28222,CHEMBL325131,1,1,0.99995315
P28222,CHEMBL107772,1,1,1.0
P28222,CHEMBL323986,1,1,1.0
P28222,CHEMBL111302,1,1,0.9999999
P28222,CHEMBL106807,1,1,0.99999905
P28222,CHEMBL292759,1,1,0.6935649
P28222,CHEMBL29846,1,1,0.75223184
P28222,CHEMBL325359,1,1,0.99999785
P28222,CHEMBL281350,1,1,0.72865236
P28222,CHEMBL430500,1,1,0.9999801
P28222,CHEMBL105970,1,1,0.9999951
P28222,CHEMBL542139,1,1,0.6721251
P28222,CHEMBL110601,1,1,0.54147255
P28222,CHEMBL108645,1,1,0.9999709
P28222,CHEMBL108722,1,1,0.99999905
P28222,CHEMBL113994,1,1,1.0
P28222,CHEMBL117397,1,1,1.0
P28222,CHEMBL128,1,1,0.9710044
P28222,CHEMBL323666,1,1,1.0
P28222,CHEMBL325175,1,1,0.99999404
P28222,CHEMBL323705,1,1,1.0
P28222,CHEMBL114571,1,1,0.99999976
P28222,CHEMBL113893,1,1,1.0
P28222,CHEMBL115415,1,1,0.9999943
P28222,CHEMBL323603,1,1,1.0
P28222,CHEMBL113950,1,1,0.9999999
P28222,CHEMBL114780,1,1,1.0
P28222,CHEMBL115941,1,1,1.0
P28222,CHEMBL334259,1,1,0.9999999
P28222,CHEMBL431866,1,1,1.0
P28222,CHEMBL116876,1,1,1.0
P28222,CHEMBL332484,1,1,1.0
P28222,CHEMBL115663,1,1,1.0
P28222,CHEMBL113868,1,1,1.0
P28222,CHEMBL282693,1,1,0.9999999
P28222,CHEMBL15933,1,1,0.9995468
P28222,CHEMBL21369,1,1,0.9999988
P28222,CHEMBL20791,1,1,0.99999917
P28222,CHEMBL282229,1,1,0.99982196
P28222,CHEMBL21724,1,1,1.0
P28222,CHEMBL20771,1,1,0.9999999
P28222,CHEMBL20963,1,1,0.99999976
P28222,CHEMBL21790,1,1,0.9999982
P28222,CHEMBL76237,0,0,0.1597438
P28222,CHEMBL277467,1,1,0.99944836
P28222,CHEMBL422366,1,1,0.9999914
P28222,CHEMBL324931,1,1,0.9993655
P28222,CHEMBL163376,1,1,1.0
P28222,CHEMBL420965,1,1,0.99999976
P28222,CHEMBL422191,0,0,0.11652823
P28222,CHEMBL162722,1,1,0.9999926
P28222,CHEMBL116092,1,1,0.99999976
P28222,CHEMBL331612,1,1,0.9999999
P28222,CHEMBL116031,1,1,0.9999999
P28222,CHEMBL161969,0,0,0.09812404
P28222,CHEMBL352159,1,1,1.0
P28222,CHEMBL159396,1,1,0.99999857
P28222,CHEMBL162899,1,1,0.999998
P28222,CHEMBL115750,1,1,1.0
P28222,CHEMBL352123,1,1,0.9999993
P28222,CHEMBL162858,1,1,0.9999999
P28222,CHEMBL351346,1,1,0.99999976
P28222,CHEMBL163462,1,1,0.9999999
P28222,CHEMBL163114,1,1,0.99999917
P28222,CHEMBL161723,1,1,0.9999994
P28222,CHEMBL161176,1,1,0.9999958
P28222,CHEMBL117249,1,1,0.92788565
P28222,CHEMBL162805,1,1,0.9999999
P28222,CHEMBL162930,1,1,0.99999785
P28222,CHEMBL274001,1,1,0.9999975
P28222,CHEMBL351311,1,1,0.99999857
P28222,CHEMBL162463,1,1,0.9999964
P28222,CHEMBL65367,1,1,0.9999969
P28222,CHEMBL296161,1,1,0.99998736
P28222,CHEMBL164111,1,1,1.0
P28222,CHEMBL163573,1,1,0.9999088
P28222,CHEMBL163127,1,1,0.9999999
P28222,CHEMBL347665,1,1,1.0
P28222,CHEMBL119668,1,1,0.9999999
P28222,CHEMBL164035,1,1,1.0
P28222,CHEMBL348962,1,1,1.0
P28222,CHEMBL119785,1,1,1.0
P28222,CHEMBL163386,1,1,1.0
P28222,CHEMBL117633,1,1,0.99999976
P28222,CHEMBL164413,1,1,0.99999976
P28222,CHEMBL161696,1,1,1.0
P28222,CHEMBL292779,1,1,0.99480516
P28222,CHEMBL161970,1,1,0.99998915
P28222,CHEMBL2112766,1,1,0.9999709
P28222,CHEMBL136962,0,0,0.00062098936
P28222,CHEMBL29433,1,1,0.7312847
P25103,CHEMBL341365,1,1,0.9996996
P25103,CHEMBL124979,0,0,0.0019417504
P25103,CHEMBL310521,1,1,1.0
P25103,CHEMBL420787,1,1,1.0
P25103,CHEMBL105060,1,1,1.0
P25103,CHEMBL119126,1,1,1.0
P25103,CHEMBL123737,0,0,5.166346e-06
P25103,CHEMBL82552,0,0,1.666982e-05
P25103,CHEMBL84161,1,1,0.99999976
P25103,CHEMBL406613,0,0,4.95172e-08
P25103,CHEMBL311946,1,1,1.0
P25103,CHEMBL314499,1,1,0.9999933
P25103,CHEMBL431974,1,1,0.9999938
P25103,CHEMBL86053,0,0,0.00029455413
P25103,CHEMBL125093,0,0,1.8417651e-07
P25103,CHEMBL419241,0,0,4.95172e-08
P25103,CHEMBL84873,1,1,0.99993896
P25103,CHEMBL313590,1,1,1.0
P25103,CHEMBL339444,0,0,1.12801476e-10
P25103,CHEMBL332793,1,1,1.0
P25103,CHEMBL115633,1,1,1.0
P25103,CHEMBL124066,1,1,0.99996483
P25103,CHEMBL339488,0,0,1.841767e-07
P25103,CHEMBL82278,0,1,0.9989532
P25103,CHEMBL313297,1,1,0.9999987
P25103,CHEMBL84761,1,1,0.9999683
P25103,CHEMBL82274,0,0,0.04441937
P25103,CHEMBL337987,0,0,1.7564815e-07
P25103,CHEMBL340849,0,0,5.166346e-06
P25103,CHEMBL334304,0,0,1.12801476e-10
P25103,CHEMBL82065,1,1,0.7278364
P25103,CHEMBL125385,0,0,1.7564815e-07
P25103,CHEMBL174016,1,1,1.0
P25103,CHEMBL332796,0,0,1.4242245e-06
P25103,CHEMBL174038,1,1,0.9999925
P25103,CHEMBL426577,1,1,1.0
P25103,CHEMBL173564,1,1,1.0
P25103,CHEMBL173396,1,1,1.0
P25103,CHEMBL176500,1,1,0.99999976
P25103,CHEMBL303118,1,0,0.00017162046
P25103,CHEMBL278351,1,0,0.050641708
P25103,CHEMBL176557,1,1,0.99995995
P25103,CHEMBL120781,1,1,0.9999995
P25103,CHEMBL65496,1,1,0.99979955
P25103,CHEMBL16192,1,0,0.002303643
P25103,CHEMBL420543,1,1,0.99999833
P25103,CHEMBL369601,1,1,1.0
P25103,CHEMBL173231,1,1,0.9999893
P25103,CHEMBL22870,1,1,0.9973863
P25103,CHEMBL174526,1,1,0.9999999
P25103,CHEMBL305608,0,0,2.993008e-08
P25103,CHEMBL441225,1,0,0.00017162062
P25103,CHEMBL366818,1,1,0.9999999
P25103,CHEMBL23129,1,1,0.99923813
P25103,CHEMBL120081,1,1,1.0
P25103,CHEMBL175224,1,1,1.0
P25103,CHEMBL367034,1,1,0.99966514
P25103,CHEMBL106273,1,1,1.0
P25103,CHEMBL90416,1,1,0.99999964
P25103,CHEMBL319653,1,1,0.99999964
P25103,CHEMBL158255,1,1,0.99999833
P25103,CHEMBL154803,1,1,1.0
P25103,CHEMBL413383,1,1,0.9999572
P25103,CHEMBL405129,1,1,0.99998856
P25103,CHEMBL155976,1,1,0.99998784
P25103,CHEMBL102332,0,1,0.9559874
P25103,CHEMBL347891,1,1,0.9999999
P25103,CHEMBL63109,1,1,0.99986875
P25103,CHEMBL322885,1,1,0.9999995
P25103,CHEMBL407749,1,1,0.99998856
P25103,CHEMBL322453,1,1,1.0
P25103,CHEMBL56038,1,1,0.99999106
P25103,CHEMBL317209,1,1,0.9999999
P25103,CHEMBL287454,1,1,0.9999995
P25103,CHEMBL293432,1,1,0.9999994
P25103,CHEMBL309087,1,1,0.9999995
P25103,CHEMBL156933,1,1,0.9999858
P25103,CHEMBL434272,1,1,0.99999154
P25103,CHEMBL102917,1,1,1.0
P25103,CHEMBL318093,1,1,1.0
P25103,CHEMBL358173,1,1,0.99999833
P25103,CHEMBL346485,1,1,1.0
P25103,CHEMBL105055,0,0,0.013536809
P50406,CHEMBL409160,1,1,0.9999956
P50406,CHEMBL304039,1,1,0.99803215
P50406,CHEMBL60264,1,1,0.99293184
P50406,CHEMBL292759,1,1,0.9000381
P50406,CHEMBL302845,1,1,0.9997608
P50406,CHEMBL29846,1,1,0.9425679
P50406,CHEMBL62368,1,1,0.9976927
P50406,CHEMBL60669,1,1,0.9643653
P50406,CHEMBL61318,1,1,0.99988973
P50406,CHEMBL62538,1,1,0.99866927
P50406,CHEMBL46071,1,1,0.9999957
P50406,CHEMBL62594,1,1,0.9993949
P50406,CHEMBL542139,1,1,0.9406766
P50406,CHEMBL433461,1,1,0.999972
P50406,CHEMBL64715,1,1,0.999866
P50406,CHEMBL291618,1,1,0.9999906
P50406,CHEMBL268800,1,1,0.9994307
P50406,CHEMBL92093,1,1,0.9999914
P50406,CHEMBL95136,1,1,0.9999981
P50406,CHEMBL269236,0,0,0.00017674935
P50406,CHEMBL97492,1,1,0.99999094
P50406,CHEMBL316855,1,1,0.9999908
P50406,CHEMBL76237,1,1,0.9921828
P50406,CHEMBL6437,1,1,0.985299
P50406,CHEMBL1423,1,1,0.99961424
P50406,CHEMBL267615,1,1,1.0
P50406,CHEMBL319322,1,1,0.9999883
P50406,CHEMBL443796,1,1,0.9999851
P50406,CHEMBL18840,1,1,1.0
P50406,CHEMBL908,1,1,0.99999976
P50406,CHEMBL39,1,1,1.0
P50406,CHEMBL18772,0,0,0.46266508
P50406,CHEMBL96729,0,0,0.44753784
P50406,CHEMBL7257,1,1,0.99999857
P50406,CHEMBL13816,1,1,0.9999839
P50406,CHEMBL93240,1,1,1.0
P50406,CHEMBL71,1,1,0.6171746
P50406,CHEMBL42,1,1,1.0
P50406,CHEMBL46187,1,1,0.99998736
P50406,CHEMBL97518,1,1,0.9999999
P50406,CHEMBL54,0,1,0.5905138
P50406,CHEMBL329075,1,1,0.99999964
P50406,CHEMBL98511,1,1,0.9999988
P50406,CHEMBL72554,1,1,0.9999875
P50406,CHEMBL94969,1,1,0.99906975
P50406,CHEMBL94569,1,1,0.99999654
P50406,CHEMBL7318,1,1,0.98820144
P50406,CHEMBL97017,0,0,0.0019130581
P50406,CHEMBL329046,1,1,1.0
P50406,CHEMBL831,1,1,0.9999969
P50406,CHEMBL319956,1,1,0.99999785
P50406,CHEMBL316881,1,1,0.9999994
P50406,CHEMBL98237,1,1,0.9999999
P50406,CHEMBL274384,1,1,0.99996424
P50406,CHEMBL7143,1,1,0.99997735
P50406,CHEMBL266591,1,1,0.99975485
P50406,CHEMBL317535,1,1,0.998928
P50406,CHEMBL277120,1,1,0.9998697
P50406,CHEMBL431298,1,1,0.924526
P50406,CHEMBL93868,1,1,1.0
P50406,CHEMBL96317,1,1,0.9999981
P50406,CHEMBL478,0,1,0.51382244
P50406,CHEMBL329329,1,1,0.99981445
P50406,CHEMBL92139,1,1,1.0
P50406,CHEMBL56,0,0,0.44471455
P50406,CHEMBL267930,0,0,0.3252939
P50406,CHEMBL97819,1,1,0.9999982
P50406,CHEMBL32029,1,1,0.9998827
P50406,CHEMBL329383,1,1,0.99096113
P50406,CHEMBL329739,1,1,1.0
P50406,CHEMBL96745,1,1,0.98365813
P50406,CHEMBL7228,1,1,0.9999951
P50406,CHEMBL98404,1,1,1.0
P50406,CHEMBL29433,1,1,0.9290605
P50406,CHEMBL281408,0,0,0.0066174422
P50406,CHEMBL94093,1,1,1.0
P50406,CHEMBL94422,1,1,0.99999976
P50406,CHEMBL328816,1,1,1.0
P50406,CHEMBL51,0,0,0.33788896
P50406,CHEMBL72574,1,1,0.9999887
P50406,CHEMBL75734,1,1,0.9999943
P50406,CHEMBL76466,1,1,0.9996469
P50406,CHEMBL75029,1,1,0.9999949
P28221,CHEMBL15928,1,1,0.986545
P28221,CHEMBL321818,1,1,0.99999785
P28221,CHEMBL292779,1,1,0.9996494
P28221,CHEMBL325131,1,1,0.9999956
P28221,CHEMBL107772,1,1,1.0
P28221,CHEMBL304857,1,1,1.0
P28221,CHEMBL63799,1,1,0.99999976
P28221,CHEMBL88893,1,1,0.9999993
P28221,CHEMBL323986,1,1,1.0
P28221,CHEMBL432332,1,1,1.0
P28221,CHEMBL65367,1,1,0.9999999
P28221,CHEMBL111302,1,1,1.0
P28221,CHEMBL106807,1,1,0.9999999
P28221,CHEMBL292759,1,1,0.83643156
P28221,CHEMBL416688,1,1,1.0
P28221,CHEMBL29846,1,1,0.90180546
P28221,CHEMBL325359,1,1,0.99999976
P28221,CHEMBL91534,1,1,1.0
P28221,CHEMBL313714,1,1,0.9999008
P28221,CHEMBL281350,1,1,0.8806527
P28221,CHEMBL430500,1,1,0.999998
P28221,CHEMBL105970,1,1,0.9999993
P28221,CHEMBL542139,1,1,0.8908854
P28221,CHEMBL110601,0,0,0.49882814
P28221,CHEMBL294547,1,1,1.0
P28221,CHEMBL92207,1,1,1.0
P28221,CHEMBL63432,1,1,0.99999034
P28221,CHEMBL108645,1,1,0.99999726
P28221,CHEMBL108722,1,1,0.9999999
P28221,CHEMBL294732,1,1,1.0
P28221,CHEMBL113994,1,1,1.0
P28221,CHEMBL117397,1,1,1.0
P28221,CHEMBL128,1,1,0.9988147
P28221,CHEMBL323666,1,1,1.0
P28221,CHEMBL325175,1,1,0.9999999
P28221,CHEMBL323705,1,1,1.0
P28221,CHEMBL905,1,1,0.9975188
P28221,CHEMBL114571,1,1,1.0
P28221,CHEMBL113893,1,1,1.0
P28221,CHEMBL115415,1,1,1.0
P28221,CHEMBL323603,1,1,1.0
P28221,CHEMBL113950,1,1,1.0
P28221,CHEMBL114780,1,1,1.0
P28221,CHEMBL115941,1,1,1.0
P28221,CHEMBL334259,1,1,1.0
P28221,CHEMBL431866,1,1,1.0
P28221,CHEMBL116876,1,1,1.0
P28221,CHEMBL332484,1,1,1.0
P28221,CHEMBL115663,1,1,1.0
P28221,CHEMBL113868,1,1,1.0
P28221,CHEMBL282693,1,1,1.0
P28221,CHEMBL15933,0,1,0.9999666
P28221,CHEMBL21369,1,1,0.9999999
P28221,CHEMBL20791,1,1,0.9999999
P28221,CHEMBL282229,1,1,0.9999882
P28221,CHEMBL21724,1,1,1.0
P28221,CHEMBL20771,1,1,1.0
P28221,CHEMBL20963,1,1,1.0
P28221,CHEMBL21790,1,1,0.9999999
P28221,CHEMBL277467,1,1,0.9999597
P28221,CHEMBL422366,1,1,0.99999976
P28221,CHEMBL324931,1,1,0.99997926
P28221,CHEMBL163376,1,1,1.0
P28221,CHEMBL420965,1,1,1.0
P28221,CHEMBL422191,1,1,0.96547234
P28221,CHEMBL162722,1,1,0.9999999
P28221,CHEMBL116092,1,1,1.0
P28221,CHEMBL331612,1,1,1.0
P28221,CHEMBL116031,1,1,1.0
P28221,CHEMBL161969,1,1,0.94252497
P28221,CHEMBL352159,1,1,1.0
P28221,CHEMBL159396,1,1,1.0
P28221,CHEMBL162899,1,1,0.9999999
P28221,CHEMBL115750,1,1,1.0
P34969,CHEMBL292759,0,1,0.69454664
P34969,CHEMBL29846,0,1,0.7536563
P34969,CHEMBL542139,0,1,0.6774569
P34969,CHEMBL553794,1,1,0.99998164
P34969,CHEMBL95067,1,1,0.9999889
P34969,CHEMBL92221,1,1,0.9999939
P34969,CHEMBL460,1,1,0.9997439
P34969,CHEMBL6437,0,0,0.121004544
P34969,CHEMBL12264,1,1,0.9947943
P34969,CHEMBL479,1,1,0.99998474
P34969,CHEMBL27251,1,1,0.9999906
P34969,CHEMBL18840,1,1,1.0
P34969,CHEMBL39,1,1,1.0
P34969,CHEMBL18772,0,1,0.6032113
P34969,CHEMBL96729,1,1,0.53103435
P34969,CHEMBL7257,1,1,0.99997795
P34969,CHEMBL13816,1,1,0.99985313
P34969,CHEMBL93240,1,1,1.0
P34969,CHEMBL42,1,1,0.9999999
P34969,CHEMBL8165,1,1,1.0
P34969,CHEMBL97518,1,1,0.99999917
P34969,CHEMBL309750,1,1,0.9999951
P34969,CHEMBL567,1,1,0.9991579
P34969,CHEMBL281924,1,1,0.99983025
P34969,CHEMBL281923,1,1,0.99983025
P34969,CHEMBL28056,1,1,0.9999999
P34969,CHEMBL274384,1,1,0.99932826
P34969,CHEMBL7143,0,1,0.9994203
P34969,CHEMBL81607,1,1,0.9999994
P34969,CHEMBL266591,0,1,0.97527313
P34969,CHEMBL277120,1,1,0.9991066
P34969,CHEMBL94984,1,1,0.9959638
P34969,CHEMBL69257,1,1,0.9999995
P34969,CHEMBL13049,1,1,0.6141326
P34969,CHEMBL13052,1,1,0.99999964
P34969,CHEMBL478,1,1,0.65772873
P34969,CHEMBL282199,1,0,0.28253973
P34969,CHEMBL12624,1,1,0.865149
P34969,CHEMBL1113,1,1,0.99996686
P34969,CHEMBL95104,1,1,0.97032714
P34969,CHEMBL56,1,1,0.56880766
P34969,CHEMBL267930,1,0,0.45568138
P34969,CHEMBL94261,1,1,0.9959638
P34969,CHEMBL330353,1,1,0.9993981
P34969,CHEMBL1112,1,1,0.9999974
P34969,CHEMBL443757,1,1,0.99853194
P34969,CHEMBL25924,1,1,0.99802786
P34969,CHEMBL81276,1,1,0.9998293
P34969,CHEMBL267777,1,1,0.6113067
P34969,CHEMBL281048,1,1,0.9999906
P34969,CHEMBL51,0,0,0.4387457
P34969,CHEMBL76237,1,0,0.16726485
P34969,CHEMBL422146,1,1,0.9999471
P34969,CHEMBL151858,1,1,0.5295969
P34969,CHEMBL347115,1,1,0.996274
P34969,CHEMBL1255588,1,1,0.9999523
P34969,CHEMBL273890,0,0,0.009067603
P34969,CHEMBL428892,1,1,1.0
P34969,CHEMBL153398,1,1,0.98423195
P34969,CHEMBL1065,1,1,0.99999356
P34969,CHEMBL12427,1,1,0.9999906
P34969,CHEMBL516,1,1,0.99956125
P34969,CHEMBL268921,1,1,0.9999995
P34969,CHEMBL152595,1,1,0.9923805
P34969,CHEMBL428494,1,1,0.9999956
P34969,CHEMBL152292,1,1,0.9991316
P34969,CHEMBL154090,1,1,0.9999411
P34969,CHEMBL345971,0,1,0.5295969
P34969,CHEMBL273246,1,1,1.0
P34969,CHEMBL347286,1,1,0.99619734
P34969,CHEMBL12702,1,1,0.99999857
P34969,CHEMBL152873,1,1,0.5295969
P34969,CHEMBL12314,1,1,0.9999968
P34969,CHEMBL153156,1,0,0.0073391665
P34969,CHEMBL19215,1,1,0.99955624
P34969,CHEMBL347511,0,1,0.5295969
P34969,CHEMBL29433,1,1,0.73417383
P34969,CHEMBL282971,1,1,0.73417383
P34969,CHEMBL29410,0,1,0.6849832
P34969,CHEMBL431298,0,1,0.6721021
P34969,CHEMBL433134,1,1,0.9999993
Q8WXA8,CHEMBL46,1,1,0.99999833
Q8WXA8,CHEMBL136524,1,1,0.9999956
Q8WXA8,CHEMBL18772,1,1,0.71452147
Q8WXA8,CHEMBL136449,1,1,0.9999999
Q8WXA8,CHEMBL136090,1,1,0.99969625
Q8WXA8,CHEMBL337324,1,1,1.0
Q8WXA8,CHEMBL341474,1,1,1.0
Q8WXA8,CHEMBL137621,1,1,0.99999964
Q8WXA8,CHEMBL128,0,0,0.024911059
Q8WXA8,CHEMBL342447,1,1,1.0
Q8WXA8,CHEMBL136978,1,1,0.99999845
Q8WXA8,CHEMBL136108,1,1,0.999877
Q8WXA8,CHEMBL136525,1,1,0.99999344
Q8WXA8,CHEMBL905,0,0,0.0014890962
Q8WXA8,CHEMBL136536,1,1,1.0
Q8WXA8,CHEMBL139327,1,1,0.9999988
Q8WXA8,CHEMBL342690,1,1,0.99989617
Q8WXA8,CHEMBL422279,1,1,1.0
Q8WXA8,CHEMBL423899,1,1,0.9999583
Q8WXA8,CHEMBL53573,1,1,0.9999999
Q8WXA8,CHEMBL15928,0,0,0.045063708
Q8WXA8,CHEMBL348890,1,1,1.0
Q8WXA8,CHEMBL69733,1,1,0.6354474
Q8WXA8,CHEMBL81485,1,1,0.99950147
Q8WXA8,CHEMBL83658,0,0,0.018265339
Q8WXA8,CHEMBL6437,0,0,0.00014868245
Q8WXA8,CHEMBL56564,1,1,0.9992487
Q8WXA8,CHEMBL320963,1,1,0.9999925
Q8WXA8,CHEMBL3,0,0,4.3387256e-05
Q8WXA8,CHEMBL108799,1,1,0.9999521
Q8WXA8,CHEMBL289469,1,1,0.99925977
Q8WXA8,CHEMBL111583,1,1,0.997433
Q8WXA8,CHEMBL414174,1,1,0.9999844
Q8WXA8,CHEMBL160581,1,1,0.99998987
Q8WXA8,CHEMBL128071,0,0,0.0007304807
Q8WXA8,CHEMBL335754,0,0,1.2754011e-06
Q8WXA8,CHEMBL295000,0,0,0.0008963592
Q8WXA8,CHEMBL288591,1,1,0.996588
Q8WXA8,CHEMBL130703,0,0,0.00040495975
Q8WXA8,CHEMBL840,1,1,1.0
Q8WXA8,CHEMBL334036,0,0,1.254345e-06
Q8WXA8,CHEMBL59517,0,0,5.067774e-08
Q8WXA8,CHEMBL128567,1,1,0.998389
Q8WXA8,CHEMBL40190,1,1,1.0
Q8WXA8,CHEMBL40459,0,1,0.9672618
Q8WXA8,CHEMBL45773,1,1,0.99937505
Q8WXA8,CHEMBL128659,0,0,0.0001004374
Q8WXA8,CHEMBL44236,0,0,0.0010787284
Q8WXA8,CHEMBL13791,0,0,4.5072655e-05
Q8WXA8,CHEMBL131525,0,0,6.260015e-05
Q8WXA8,CHEMBL337213,1,1,0.9999882
Q8WXA8,CHEMBL131053,1,1,0.9999733
Q8WXA8,CHEMBL132047,0,0,9.860428e-09
Q8WXA8,CHEMBL114478,0,0,0.00023723501
Q8WXA8,CHEMBL131109,0,0,0.0020032427
Q8WXA8,CHEMBL13823,1,1,0.999985
Q8WXA8,CHEMBL128047,0,0,5.9556794e-07
Q8WXA8,CHEMBL13790,1,1,0.99999917
Q8WXA8,CHEMBL40567,1,1,0.9999949
Q8WXA8,CHEMBL131074,0,0,7.578102e-05
Q8WXA8,CHEMBL291064,0,0,5.9674644e-06
Q8WXA8,CHEMBL129150,1,1,0.99999976
Q8WXA8,CHEMBL131570,0,0,3.7017523e-06
Q8WXA8,CHEMBL336079,0,0,0.00016386702
Q8WXA8,CHEMBL61778,1,0,0.16859284
Q8WXA8,CHEMBL42752,1,1,0.9999999
Q8WXA8,CHEMBL277120,1,1,0.9972837
Q8WXA8,CHEMBL76495,0,0,0.00078681344
Q8WXA8,CHEMBL130698,0,0,1.4189117e-05
Q8WXA8,CHEMBL336107,0,0,0.0005205141
Q8WXA8,CHEMBL9434,0,0,2.7440168e-05
Q8WXA8,CHEMBL274497,0,0,5.3056658e-05
Q8WXA8,CHEMBL43798,1,1,0.999987
Q8WXA8,CHEMBL274866,0,1,0.54507536
Q8WXA8,CHEMBL419966,0,0,3.5569752e-05
Q8WXA8,CHEMBL20969,0,0,7.551763e-05
Q8WXA8,CHEMBL335877,1,1,0.99993265
Q8WXA8,CHEMBL128275,1,1,0.9999858
Q8WXA8,CHEMBL131771,0,0,1.7185874e-10
Q8WXA8,CHEMBL336522,1,1,0.9999107
Q8WXA8,CHEMBL43078,1,1,1.0
Q8WXA8,CHEMBL289319,1,1,0.999998
Q8WXA8,CHEMBL9666,0,0,5.0163286e-05
Q8WXA8,CHEMBL478,1,1,0.7697517
Q8WXA8,CHEMBL41040,1,1,0.9999988
Q8WXA8,CHEMBL131289,0,0,9.482164e-05
Q8WXA8,CHEMBL40488,0,0,0.00020953856
Q8WXA8,CHEMBL131145,0,0,3.1123574e-05
Q8WXA8,CHEMBL41853,1,1,0.9999993
Q8WXA8,CHEMBL14047,0,0,7.745482e-05
Q8WXA8,CHEMBL43459,0,0,2.9168027e-07
Q8WXA8,CHEMBL42538,1,1,1.0
Q8WXA8,CHEMBL278509,1,1,0.9993832
Q8WXA8,CHEMBL114444,1,1,0.9997216
Q8WXA8,CHEMBL109813,1,1,0.99875057
Q8WXA8,CHEMBL113118,1,1,0.9997353
Q8WXA8,CHEMBL111448,1,1,0.98992974
Q8WXA8,CHEMBL116622,1,1,0.9998159
A5X5Y0,CHEMBL46,1,1,0.99999845
A5X5Y0,CHEMBL136524,1,1,0.9999956
A5X5Y0,CHEMBL18772,1,1,0.7102338
A5X5Y0,CHEMBL136449,1,1,0.9999999
A5X5Y0,CHEMBL136090,1,1,0.9997136
A5X5Y0,CHEMBL337324,1,1,1.0
A5X5Y0,CHEMBL341474,1,1,1.0
A5X5Y0,CHEMBL137621,1,1,0.99999976
A5X5Y0,CHEMBL128,0,0,0.031764936
A5X5Y0,CHEMBL342447,1,1,1.0
A5X5Y0,CHEMBL136978,1,1,0.99999857
A5X5Y0,CHEMBL136108,1,1,0.9998902
A5X5Y0,CHEMBL136525,1,1,0.99999344
A5X5Y0,CHEMBL905,0,0,0.001955492
A5X5Y0,CHEMBL136536,1,1,1.0
A5X5Y0,CHEMBL139327,1,1,0.9999989
A5X5Y0,CHEMBL342690,1,1,0.999894
A5X5Y0,CHEMBL422279,1,1,1.0
A5X5Y0,CHEMBL423899,1,1,0.99996126
A5X5Y0,CHEMBL53573,1,1,0.9999999
A5X5Y0,CHEMBL15928,0,0,0.053762153
A5X5Y0,CHEMBL348890,1,1,1.0
A5X5Y0,CHEMBL69733,1,1,0.6378872
A5X5Y0,CHEMBL81485,1,1,0.99953043
A5X5Y0,CHEMBL83658,0,0,0.02280185
A5X5Y0,CHEMBL6437,0,0,0.00019077258
A5X5Y0,CHEMBL56564,1,1,0.9992466
A5X5Y0,CHEMBL320963,1,1,0.9999925
A5X5Y0,CHEMBL3,0,0,5.5800465e-05
A5X5Y0,CHEMBL108799,1,1,0.9999528
A5X5Y0,CHEMBL289469,1,1,0.999295
A5X5Y0,CHEMBL111583,1,1,0.9973928
A5X5Y0,CHEMBL414174,1,1,0.9999846
A5X5Y0,CHEMBL160581,1,1,0.99999106
A5X5Y0,CHEMBL128071,0,0,0.00090319203
A5X5Y0,CHEMBL335754,0,0,1.6458041e-06
A5X5Y0,CHEMBL295000,0,0,0.0011370026
A5X5Y0,CHEMBL288591,1,1,0.9965377
A5X5Y0,CHEMBL130703,0,0,0.0005257946
A5X5Y0,CHEMBL840,1,1,1.0
A5X5Y0,CHEMBL334036,0,0,1.6131034e-06
A5X5Y0,CHEMBL59517,0,0,6.5147255e-08
A5X5Y0,CHEMBL128567,1,1,0.9984187
A5X5Y0,CHEMBL40190,1,1,1.0
A5X5Y0,CHEMBL40459,0,1,0.96987027
A5X5Y0,CHEMBL45773,1,1,0.99937016
A5X5Y0,CHEMBL128659,0,0,0.00012930653
A5X5Y0,CHEMBL44236,0,0,0.0013402144
A5X5Y0,CHEMBL13791,0,0,5.843776e-05
A5X5Y0,CHEMBL131525,0,0,8.14143e-05
A5X5Y0,CHEMBL337213,1,1,0.99998856
A5X5Y0,CHEMBL131053,1,1,0.9999757
A5X5Y0,CHEMBL132047,0,0,1.2671211e-08
A5X5Y0,CHEMBL114478,0,0,0.00030507369
A5X5Y0,CHEMBL131109,0,0,0.0024914297
A5X5Y0,CHEMBL13823,1,1,0.9999856
A5X5Y0,CHEMBL128047,0,0,7.6423214e-07
A5X5Y0,CHEMBL13790,1,1,0.99999917
A5X5Y0,CHEMBL40567,1,1,0.9999949
A5X5Y0,CHEMBL131074,0,0,9.895778e-05
A5X5Y0,CHEMBL291064,0,0,7.436087e-06
A5X5Y0,CHEMBL129150,1,1,0.99999976
A5X5Y0,CHEMBL131570,0,0,4.790656e-06
A5X5Y0,CHEMBL336079,0,0,0.00021049836
A5X5Y0,CHEMBL61778,1,0,0.19238183
A5X5Y0,CHEMBL42752,1,1,0.9999999
A5X5Y0,CHEMBL277120,1,1,0.99725324
A5X5Y0,CHEMBL76495,0,0,0.0009826473
A5X5Y0,CHEMBL130698,0,0,1.8426206e-05
A5X5Y0,CHEMBL336107,0,0,0.0006625585
A5X5Y0,CHEMBL9434,0,0,3.523602e-05
A5X5Y0,CHEMBL274497,0,0,6.866524e-05
A5X5Y0,CHEMBL43798,1,1,0.9999882
A5X5Y0,CHEMBL274866,0,1,0.5493142
A5X5Y0,CHEMBL419966,0,0,4.574641e-05
A5X5Y0,CHEMBL20969,0,0,9.712244e-05
A5X5Y0,CHEMBL335877,1,1,0.9999348
A5X5Y0,CHEMBL128275,1,1,0.99998605
A5X5Y0,CHEMBL131771,0,0,2.2177396e-10
A5X5Y0,CHEMBL336522,1,1,0.999913
A5X5Y0,CHEMBL43078,1,1,1.0
A5X5Y0,CHEMBL289319,1,1,0.9999981
A5X5Y0,CHEMBL9666,0,0,6.482063e-05
A5X5Y0,CHEMBL478,1,1,0.7653248
A5X5Y0,CHEMBL41040,1,1,0.9999988
A5X5Y0,CHEMBL131289,0,0,0.00012221142
A5X5Y0,CHEMBL40488,0,0,0.00027058827
A5X5Y0,CHEMBL131145,0,0,4.0433544e-05
A5X5Y0,CHEMBL41853,1,1,0.9999993
A5X5Y0,CHEMBL14047,0,0,9.7520024e-05
A5X5Y0,CHEMBL43459,0,0,3.7530427e-07
A5X5Y0,CHEMBL42538,1,1,1.0
A5X5Y0,CHEMBL278509,1,1,0.9993705
A5X5Y0,CHEMBL114444,1,1,0.9997179
A5X5Y0,CHEMBL109813,1,1,0.9987895
A5X5Y0,CHEMBL113118,1,1,0.9997396
A5X5Y0,CHEMBL111448,1,1,0.9898747
A5X5Y0,CHEMBL116622,1,1,0.9998167
P30939,CHEMBL292759,1,1,0.6921501
P30939,CHEMBL29846,1,1,0.6945079
P30939,CHEMBL542139,1,0,0.17813891
P30939,CHEMBL281350,0,0,0.28027505
P30939,CHEMBL29433,1,1,0.6859555
P30939,CHEMBL282971,1,1,0.6859555
P30939,CHEMBL29410,1,1,0.6764848
P30939,CHEMBL431298,1,0,0.34472913
P30939,CHEMBL128,1,0,0.0004400753
P30939,CHEMBL292779,0,0,0.0055663153
P30939,CHEMBL178066,1,0,0.00167123
P30939,CHEMBL177258,1,1,1.0
P30939,CHEMBL369705,1,1,1.0
P30939,CHEMBL177238,1,1,1.0
P30939,CHEMBL101690,1,1,0.9999912
P30939,CHEMBL103479,1,1,1.0
P30939,CHEMBL369391,1,1,0.999995
P30939,CHEMBL173949,1,1,1.0
P30939,CHEMBL2110300,1,1,0.9999218
P30939,CHEMBL273921,0,0,0.34786856
P30939,CHEMBL282199,0,0,1.144208e-06
P30939,CHEMBL114012,0,0,0.00025717827
P30939,CHEMBL94984,0,0,0.00083184754
P30939,CHEMBL12624,0,0,7.2126672e-06
P30939,CHEMBL1788231,0,0,0.00025717827
P30939,CHEMBL333784,0,0,5.574802e-05
P30939,CHEMBL116448,0,0,0.0007220997
P30939,CHEMBL432713,1,1,0.999997
P30939,CHEMBL71707,0,0,2.1508405e-13
P30939,CHEMBL12264,0,0,0.006483587
P30939,CHEMBL92139,1,1,0.99997973
P30939,CHEMBL76237,0,0,4.197254e-06
P30939,CHEMBL263700,1,1,0.9998166
P30939,CHEMBL126340,1,1,0.9999969
P30939,CHEMBL125745,1,1,1.0
P30939,CHEMBL317535,0,0,2.1159203e-05
P30939,CHEMBL93868,1,1,0.99981135
P30939,CHEMBL321133,1,1,0.99989843
P30939,CHEMBL104753,1,1,1.0
P30939,CHEMBL105478,1,1,0.99999774
P30939,CHEMBL104496,1,1,1.0
P30939,CHEMBL105958,1,1,1.0
P30939,CHEMBL104158,1,1,0.9698354
P30939,CHEMBL104720,1,1,1.0
P30939,CHEMBL320198,1,1,0.9999721
P30939,CHEMBL104026,1,1,0.9999896
P30939,CHEMBL319920,1,1,0.99999976
P30939,CHEMBL321562,1,1,0.9999347
P30939,CHEMBL105327,1,1,1.0
P30939,CHEMBL102292,1,1,0.99999976
P30939,CHEMBL105025,1,1,1.0
P30939,CHEMBL105240,1,1,1.0
P30939,CHEMBL102344,1,1,1.0
P30939,CHEMBL419547,1,1,1.0
P30939,CHEMBL103058,1,1,1.0
P30939,CHEMBL105118,1,1,0.99999917
P30939,CHEMBL323264,1,1,1.0
P30939,CHEMBL103503,1,1,0.9999987
P30939,CHEMBL103550,1,1,1.0
P30939,CHEMBL420475,1,1,1.0
P30939,CHEMBL104953,1,1,1.0
P30939,CHEMBL104384,1,1,1.0
P30939,CHEMBL319857,1,1,1.0
P30939,CHEMBL318105,1,1,0.9996456
P30939,CHEMBL104692,1,1,1.0
P30939,CHEMBL105556,1,1,0.9999999
P30939,CHEMBL321967,1,1,1.0
P30939,CHEMBL105743,1,1,0.99999917
P30939,CHEMBL104968,1,1,1.0
P30939,CHEMBL103424,1,1,0.99947447
P30939,CHEMBL318110,1,1,0.99986327
P30939,CHEMBL105091,1,1,1.0
P30939,CHEMBL420101,1,1,0.9999999
P30939,CHEMBL105955,1,1,1.0
P30939,CHEMBL431041,1,1,1.0
P30939,CHEMBL102335,1,1,1.0
P30939,CHEMBL105850,1,1,0.99999917
P30939,CHEMBL104484,1,1,1.0
P30939,CHEMBL102182,1,1,1.0
P30939,CHEMBL322018,1,1,0.9999999
P30939,CHEMBL104946,1,1,0.9999732
P30939,CHEMBL321343,1,1,1.0
P30939,CHEMBL102250,1,1,1.0
P30939,CHEMBL105722,1,1,1.0
O00206,CHEMBL382272,1,1,0.9999999
O00206,CHEMBL200140,1,1,0.9999999
O00206,CHEMBL200667,1,1,0.9999999
O00206,CHEMBL200398,1,1,0.9999999
O00206,CHEMBL540367,0,0,1.2191591e-09
O00206,CHEMBL535384,0,0,1.2191591e-09
O00206,CHEMBL537642,0,0,2.8970283e-13
O00206,CHEMBL537866,0,0,1.6924572e-09
O00206,CHEMBL537865,0,0,6.4729966e-12
O00206,CHEMBL537645,0,0,5.0063832e-08
O00206,CHEMBL534488,0,0,7.4297253e-07
O00206,CHEMBL538329,0,0,0.00012623711
O00206,CHEMBL534490,0,0,8.181554e-09
O00206,CHEMBL535159,0,0,1.2638437e-05
O00206,CHEMBL534939,0,0,5.11415e-05
O00206,CHEMBL505526,1,1,1.0
O00206,CHEMBL501231,1,1,1.0
O00206,CHEMBL224563,1,1,0.99999344
O00206,CHEMBL3301672,1,1,1.0
O00206,CHEMBL458612,0,0,4.952282e-10
O00206,CHEMBL387665,0,1,0.9999999
O00206,CHEMBL375048,1,1,1.0
O00206,CHEMBL224199,1,1,1.0
O00206,CHEMBL499811,0,0,1.6704082e-05
O00206,CHEMBL426184,1,1,1.0
O00206,CHEMBL1223751,0,0,2.3356011e-05
O00206,CHEMBL3087261,0,0,2.8873856e-05
O00206,CHEMBL3087262,0,1,0.6779385
O00206,CHEMBL3087263,0,0,5.77535e-07
O00206,CHEMBL3261007,0,0,0.00039780143
O00206,CHEMBL3261010,0,0,6.980857e-09
O00206,CHEMBL3261011,0,0,2.77512e-09
O00206,CHEMBL3261012,0,0,1.3634817e-11
O00206,CHEMBL3261013,0,0,1.0141256e-07
O00206,CHEMBL3261015,0,0,1.660516e-10
O00206,CHEMBL3261016,0,0,7.1145516e-09
O00206,CHEMBL3261018,0,0,7.124393e-10
O00206,CHEMBL3261019,0,0,0.023547774
O00206,CHEMBL3261020,1,1,0.99431324
O00206,CHEMBL3261021,0,0,2.5067976e-08
O00206,CHEMBL3261022,1,1,0.99961686
O00206,CHEMBL3261023,0,0,0.0031704817
O00206,CHEMBL3261024,0,0,4.883294e-06
O00206,CHEMBL3261025,0,0,0.00023005575
O00206,CHEMBL3261026,1,1,0.96500653
O00206,CHEMBL3261027,0,0,0.00012449597
O00206,CHEMBL3261028,0,0,4.166899e-06
O00206,CHEMBL3261029,1,1,0.9993299
O00206,CHEMBL3261030,1,1,0.9999473
O00206,CHEMBL3261031,1,1,0.9997199
O00206,CHEMBL3261032,1,1,0.9999993
O00206,CHEMBL3261033,0,0,0.0043009706
O00206,CHEMBL3261034,1,1,0.99983287
O00206,CHEMBL3261035,1,1,0.99999964
O00206,CHEMBL3261036,0,0,0.02960681
O00206,CHEMBL3261037,0,0,4.1176001e-10
O00206,CHEMBL3261038,0,0,7.2764536e-08
P28566,CHEMBL292759,0,1,0.6896722
P28566,CHEMBL29846,0,1,0.69499016
P28566,CHEMBL542139,0,0,0.15355341
P28566,CHEMBL281350,0,0,0.24904853
P28566,CHEMBL76237,0,0,2.3378084e-06
P28566,CHEMBL29433,0,1,0.68719304
P28566,CHEMBL282971,1,1,0.68719304
P28566,CHEMBL29410,1,1,0.67774206
P28566,CHEMBL431298,0,0,0.31344697
P28566,CHEMBL323356,0,0,7.2314426e-09
P28566,CHEMBL128,0,0,0.00022372928
P28566,CHEMBL292779,0,0,0.0026083097
P28566,CHEMBL7318,0,0,2.0837308e-05
P28566,CHEMBL7143,0,0,0.010488165
P28566,CHEMBL267615,1,1,0.99999976
P28566,CHEMBL297784,0,0,0.096271336
P28566,CHEMBL273921,0,0,0.32111782
P28566,CHEMBL138989,1,1,0.9998944
P28566,CHEMBL263881,1,1,0.9999993
P28566,CHEMBL343755,1,1,0.9998944
P28566,CHEMBL137781,1,1,0.9998944
P28566,CHEMBL282199,0,0,6.025113e-07
P28566,CHEMBL114012,0,0,0.00012408105
P28566,CHEMBL94984,0,0,0.00040351966
P28566,CHEMBL12624,0,0,3.5280293e-06
P28566,CHEMBL1788231,0,0,0.00012408115
P28566,CHEMBL333784,0,0,2.3053224e-05
P28566,CHEMBL116448,0,0,0.00034874884
P28566,CHEMBL432713,1,1,0.99999535
P28566,CHEMBL71707,0,0,1.3076149e-13
P28566,CHEMBL28997,0,0,2.804162e-08
P28566,CHEMBL435949,0,0,4.4388216e-06
P28566,CHEMBL28833,0,0,1.0444282e-09
P28566,CHEMBL282424,0,0,3.6182384e-05
P28566,CHEMBL28607,0,0,2.6516924e-09
P28566,CHEMBL29808,0,0,1.4740407e-09
P28566,CHEMBL28651,0,0,2.5420425e-08
P28566,CHEMBL287671,0,0,4.6938402e-07
P28566,CHEMBL283036,0,0,6.263017e-07
P28566,CHEMBL267014,0,0,1.0752198e-05
P28566,CHEMBL282829,0,0,4.552021e-08
P28566,CHEMBL12264,0,0,0.003230115
P28566,CHEMBL275854,0,0,3.8026853e-06
P28566,CHEMBL266591,0,0,8.71235e-05
P28566,CHEMBL268800,0,0,2.0397469e-05
P28566,CHEMBL39,1,1,0.9999926
P28566,CHEMBL103479,1,1,1.0
P28566,CHEMBL105261,1,1,0.99999976
P28566,CHEMBL157910,0,0,3.3610184e-05
P28566,CHEMBL154274,0,0,0.00017441607
P28566,CHEMBL339980,0,0,9.106518e-06
P28566,CHEMBL414628,0,0,3.0736604e-08
P28566,CHEMBL329383,0,0,0.000290539
P28566,CHEMBL95104,0,0,2.0377327e-05
P28566,CHEMBL22553,1,1,0.99999535
P28566,CHEMBL281575,1,1,0.99999774
P28566,CHEMBL21862,1,1,0.99999774
P28566,CHEMBL22744,1,1,0.99999774
P28566,CHEMBL313714,0,0,0.0006910876
P28566,CHEMBL278610,1,1,0.99999774
P28566,CHEMBL17828,1,1,0.99999774
P28566,CHEMBL22961,1,1,0.99999774
P28566,CHEMBL277452,1,1,0.99999774
P28566,CHEMBL356359,0,0,6.397981e-07
P28566,CHEMBL68131,0,0,4.6770836e-07
P28566,CHEMBL187928,0,0,6.2993956e-07
P28566,CHEMBL191460,0,0,1.0825927e-06
P28566,CHEMBL188486,0,0,6.171713e-08
P28566,CHEMBL425190,0,0,8.343689e-08
P28566,CHEMBL426317,0,0,5.668529e-07
P28566,CHEMBL229429,0,0,5.3622006e-08
P28566,CHEMBL482496,1,1,1.0
P28566,CHEMBL522708,0,0,2.7818737e-07
P28566,CHEMBL497963,0,0,1.7799275e-07
P28566,CHEMBL402143,0,0,8.9165536e-07
P28566,CHEMBL515472,0,0,8.9165536e-07
P28566,CHEMBL516088,0,0,0.00035770747
P28566,CHEMBL476838,0,0,1.5101481e-06
P28566,CHEMBL476839,0,0,2.6683182e-09
P28566,CHEMBL490632,0,0,1.1099326e-05
P28566,CHEMBL490633,0,0,1.4623467e-06
P28566,CHEMBL490634,0,0,0.00066052645
P28566,CHEMBL489408,0,0,1.295894e-05
P28566,CHEMBL495075,0,0,4.4177973e-08
P28566,CHEMBL595449,0,0,1.3638746e-07
P28566,CHEMBL467094,0,0,0.016504483
P28566,CHEMBL1241328,0,0,1.9265306e-05
P28566,CHEMBL1258223,0,0,3.9003032e-07
P28566,CHEMBL1258452,0,0,3.229455e-08
P28566,CHEMBL1258671,0,0,2.9242326e-06
P28566,CHEMBL1419954,0,0,5.825509e-05
P28566,CHEMBL1526126,0,0,7.6040824e-10
P28566,CHEMBL1330917,0,0,1.562192e-06
P28566,CHEMBL1478342,0,0,0.005297283
P28566,CHEMBL1380914,0,0,7.359965e-07
P28566,CHEMBL1381724,0,0,4.1425526e-05
P28566,CHEMBL267930,0,0,0.008413048
Q7Z6K3,CHEMBL3752910,1,0,6.65515e-05
P25100,CHEMBL836,1,1,0.99999845
P25100,CHEMBL101739,1,1,0.999992
P25100,CHEMBL101579,1,1,0.9999994
P25100,CHEMBL101322,0,0,0.00022313834
P25100,CHEMBL101610,1,1,1.0
P25100,CHEMBL419164,0,0,0.002345248
P25100,CHEMBL322688,1,1,0.99999976
P25100,CHEMBL40650,1,1,0.9998872
P25100,CHEMBL611,1,1,0.64773285
P25100,CHEMBL431631,1,1,0.99999917
P25100,CHEMBL98167,0,0,0.00060470274
P25100,CHEMBL100878,1,1,0.9999988
P25100,CHEMBL101869,1,1,0.999997
P25100,CHEMBL100052,1,1,0.99999976
P25100,CHEMBL99614,1,1,1.0
P25100,CHEMBL98430,1,1,0.9999747
P25100,CHEMBL98168,1,1,0.9999989
P25100,CHEMBL289916,0,0,0.49994364
P25100,CHEMBL141322,1,1,0.99999857
P25100,CHEMBL359430,0,0,0.0025511468
P25100,CHEMBL44288,0,0,0.46212116
P25100,CHEMBL41844,0,1,0.9999261
P25100,CHEMBL145746,1,1,0.9967949
P25100,CHEMBL415887,1,1,0.9999703
P25100,CHEMBL416073,0,0,4.768692e-05
P25100,CHEMBL5483012,1,1,0.58741295
P25100,CHEMBL145178,0,0,0.002551148
P25100,CHEMBL42361,0,0,0.0017756289
P25100,CHEMBL145587,1,1,0.99999225
P25100,CHEMBL145278,1,1,0.99999666
P25100,CHEMBL141604,1,1,0.9985353
P25100,CHEMBL295304,1,1,0.9999529
P25100,CHEMBL297667,0,0,0.45659715
P25100,CHEMBL357842,1,1,0.999881
P25100,CHEMBL142981,1,1,0.99993145
P25100,CHEMBL44496,0,0,0.000107035456
P25100,CHEMBL43799,0,0,0.011779814
P25100,CHEMBL145770,1,1,0.99999166
P25100,CHEMBL296965,0,0,0.33158293
P25100,CHEMBL436407,1,1,0.99982244
P25100,CHEMBL42156,0,0,0.49059507
P25100,CHEMBL142606,0,1,0.999941
P25100,CHEMBL42514,0,0,0.4562688
P25100,CHEMBL289339,0,0,0.4672537
P25100,CHEMBL359421,1,1,0.9999944
P25100,CHEMBL145001,0,0,0.4445689
P25100,CHEMBL42763,0,0,8.59204e-05
P25100,CHEMBL41959,0,0,0.0015630393
P25100,CHEMBL44294,1,1,0.99865085
P25100,CHEMBL342347,0,0,0.41682354
P25100,CHEMBL41994,0,0,0.017171914
P25100,CHEMBL145353,1,1,0.99999475
P25100,CHEMBL44124,0,0,0.012088455
P25100,CHEMBL298058,0,0,0.25461355
P25100,CHEMBL42220,1,1,0.99931335
P25100,CHEMBL144731,1,1,0.9999975
P25100,CHEMBL144534,1,1,0.9992719
P25100,CHEMBL417350,0,0,0.46900114
P25100,CHEMBL142719,0,0,0.014153398
P25100,CHEMBL358313,0,0,0.41682354
P25100,CHEMBL432302,0,0,1.6245773e-06
P25100,CHEMBL145411,1,1,0.9998944
P25100,CHEMBL357828,1,1,0.99430627
P25100,CHEMBL435576,1,1,0.9998229
P25100,CHEMBL41677,1,1,0.99891293
P25100,CHEMBL40303,0,0,1.2769707e-05
P25100,CHEMBL357131,1,1,0.9983413
P25100,CHEMBL43749,0,0,0.017718423
P25100,CHEMBL262002,1,1,0.99998283
P25100,CHEMBL135974,1,1,0.8729668
P25100,CHEMBL432192,0,0,0.0005456715
P25100,CHEMBL433832,1,1,0.99998283
P25100,CHEMBL13647,1,1,0.99998593
P25100,CHEMBL318544,1,1,0.9999186
P25100,CHEMBL97044,0,0,0.007551049
P25100,CHEMBL50490,1,1,0.99992573
P25100,CHEMBL134428,1,1,0.8729668
P25100,CHEMBL95398,1,1,0.99999535
P25100,CHEMBL50081,1,1,0.99999785
P25100,CHEMBL429697,1,1,0.6667542
P25100,CHEMBL132378,1,1,0.8729668
P25100,CHEMBL97859,0,0,2.812481e-06
P25100,CHEMBL299539,1,1,0.99993193
P25100,CHEMBL293515,1,1,0.6667542
P25100,CHEMBL13852,1,1,0.9999999
P25100,CHEMBL96988,0,0,0.0018863506
P25100,CHEMBL95565,1,1,0.9999367
P25100,CHEMBL95245,0,1,0.50550944
P25100,CHEMBL300272,0,0,0.0020157804
P25100,CHEMBL300222,1,1,0.99576193
P25100,CHEMBL319553,0,0,0.0020461006
P25100,CHEMBL762,0,0,0.0014390271
P25100,CHEMBL100383,0,0,0.006554958
P35368,CHEMBL836,1,1,0.9999963
P35368,CHEMBL101739,1,1,0.99998605
P35368,CHEMBL101579,1,1,0.9999988
P35368,CHEMBL101322,0,0,4.513119e-05
P35368,CHEMBL292759,0,1,0.7566549
P35368,CHEMBL101610,1,1,1.0
P35368,CHEMBL419164,0,0,0.0005413833
P35368,CHEMBL29846,0,1,0.83111334
P35368,CHEMBL322688,1,1,0.99999964
P35368,CHEMBL40650,1,1,0.9997954
P35368,CHEMBL611,1,1,0.64733195
P35368,CHEMBL431631,1,1,0.99999845
P35368,CHEMBL98167,0,0,0.00019048742
P35368,CHEMBL100878,1,1,0.9999976
P35368,CHEMBL542139,0,1,0.7970627
P35368,CHEMBL101869,1,1,0.9999943
P35368,CHEMBL100052,1,1,0.99999964
P35368,CHEMBL99614,1,1,0.9999999
P35368,CHEMBL98430,1,1,0.9999504
P35368,CHEMBL98168,1,1,0.99999785
P35368,CHEMBL289916,1,1,0.52614653
P35368,CHEMBL141322,1,1,0.9999981
P35368,CHEMBL359430,0,0,0.0010335575
P35368,CHEMBL44288,1,0,0.488257
P35368,CHEMBL41844,1,1,0.99986434
P35368,CHEMBL145746,1,1,0.99563736
P35368,CHEMBL415887,1,1,0.99994564
P35368,CHEMBL416073,0,0,1.4123319e-05
P35368,CHEMBL5483012,1,1,0.61150205
P35368,CHEMBL145178,1,0,0.001033557
P35368,CHEMBL42361,0,0,0.0005995824
P35368,CHEMBL145587,1,1,0.99998665
P35368,CHEMBL145278,1,1,0.99999523
P35368,CHEMBL141604,1,1,0.99791163
P35368,CHEMBL295304,1,1,0.99990416
P35368,CHEMBL297667,1,0,0.48270097
P35368,CHEMBL357842,1,1,0.99979764
P35368,CHEMBL142981,1,1,0.9999049
P35368,CHEMBL44496,0,0,3.3214e-05
P35368,CHEMBL43799,0,0,0.0070544537
P35368,CHEMBL145770,1,1,0.999987
P35368,CHEMBL296965,1,0,0.32674658
P35368,CHEMBL436407,1,1,0.9997398
P35368,CHEMBL42156,1,1,0.5184551
P35368,CHEMBL142606,1,1,0.9999157
P35368,CHEMBL42514,1,0,0.48574963
P35368,CHEMBL289339,1,0,0.49341357
P35368,CHEMBL359421,1,1,0.99999154
P35368,CHEMBL145001,1,0,0.45666242
P35368,CHEMBL42763,0,0,2.6241269e-05
P35368,CHEMBL41959,0,0,0.0009400406
P35368,CHEMBL44294,1,1,0.9967265
P35368,CHEMBL342347,0,0,0.43826276
P35368,CHEMBL41994,0,0,0.008975621
P35368,CHEMBL145353,1,1,0.9999914
P35368,CHEMBL44124,0,0,0.005745374
P35368,CHEMBL298058,1,0,0.2480897
P35368,CHEMBL42220,1,1,0.99854624
P35368,CHEMBL144731,1,1,0.9999963
P35368,CHEMBL144534,1,1,0.9989429
P35368,CHEMBL417350,1,0,0.49662954
P35368,CHEMBL142719,1,0,0.010097619
P35368,CHEMBL358313,1,0,0.43826276
P35368,CHEMBL432302,0,0,3.8881626e-07
P35368,CHEMBL145411,1,1,0.9998529
P35368,CHEMBL357828,1,1,0.9928503
P35368,CHEMBL435576,1,1,0.9995278
P35368,CHEMBL41677,1,1,0.9976732
P35368,CHEMBL40303,0,0,3.688805e-06
P35368,CHEMBL357131,1,1,0.99759966
P35368,CHEMBL43749,0,0,0.011382462
P35368,CHEMBL262002,1,1,0.9999713
P35368,CHEMBL135974,0,1,0.80133593
P35368,CHEMBL432192,0,0,0.0001367707
P35368,CHEMBL433832,1,1,0.9999713
P35368,CHEMBL13647,1,1,0.9999727
P35368,CHEMBL318544,1,1,0.99983644
P35368,CHEMBL97044,1,0,0.0030063405
P35368,CHEMBL50490,1,1,0.99987614
P35368,CHEMBL134428,1,1,0.80133593
P35368,CHEMBL95398,1,1,0.99999106
P35368,CHEMBL50081,1,1,0.99999654
P35368,CHEMBL429697,1,1,0.6620197
P35368,CHEMBL132378,1,1,0.80133593
P35368,CHEMBL97859,0,0,3.990364e-07
P35368,CHEMBL299539,1,1,0.999863
P35368,CHEMBL293515,0,1,0.6620197
P35368,CHEMBL13852,1,1,0.99999976
P35368,CHEMBL96988,0,0,0.0006722343
P35368,CHEMBL95565,1,1,0.99987817
P35368,CHEMBL95245,1,1,0.5371931
P35368,CHEMBL300272,0,0,0.0007599276
P35368,CHEMBL300222,1,1,0.9922775
P35368,CHEMBL319553,0,0,0.0005504072
P49789,CHEMBL1812070,1,1,1.0
P49789,CHEMBL1812069,1,1,1.0
P49789,CHEMBL1812068,1,1,1.0
P49789,CHEMBL1812067,1,1,1.0
P49789,CHEMBL1812066,1,1,1.0
P49789,CHEMBL5088775,0,0,2.915123e-07
P49789,CHEMBL5070193,0,0,9.674059e-06
P49789,CHEMBL5088259,0,0,1.7749686e-05
P49789,CHEMBL5085768,0,0,2.927606e-05
P49789,CHEMBL5083554,0,0,1.5980598e-07
P49789,CHEMBL5077048,0,1,0.8008346
P49789,CHEMBL5078809,0,0,6.2604326e-05
P49789,CHEMBL5081492,0,0,9.463351e-08
P49789,CHEMBL5069986,0,0,8.73451e-05
P49789,CHEMBL1444825,0,0,4.925956e-06
P49789,CHEMBL5079345,1,1,0.9976234
P49789,CHEMBL5092878,0,0,0.3413499
P49789,CHEMBL5083166,0,1,0.7787475
P49789,CHEMBL5078205,0,0,8.762207e-05
P49789,CHEMBL1520857,0,0,1.8343557e-07
P49789,CHEMBL5076149,0,0,1.0760364e-05
P49789,CHEMBL5075611,1,1,0.99957067
P49789,CHEMBL5081769,0,0,5.7164225e-06
P49789,CHEMBL5075193,0,0,1.6526363e-05
P49789,CHEMBL5093738,0,1,0.8048595
P49789,CHEMBL5093727,0,0,2.4039012e-10
P49789,CHEMBL265502,0,0,5.629096e-07
Q9UJ96,CHEMBL386028,0,0,6.262904e-05
Q9UJ96,CHEMBL219301,0,0,0.0023444693
Q9UJ96,CHEMBL219249,0,1,0.66057503
Q9UJ96,CHEMBL375083,0,0,0.00016149235
Q9UJ96,CHEMBL218975,0,0,0.00038644363
Q9UJ96,CHEMBL337825,0,0,0.0012878396
Q9UJ96,CHEMBL5559571,0,0,0.000563049
Q9UJ96,CHEMBL5722941,1,1,1.0
P17342,CHEMBL412913,1,1,1.0
P17342,CHEMBL294263,1,1,0.99999666
P17342,CHEMBL58588,1,1,0.9999685
P17342,CHEMBL405854,1,1,1.0
P17342,CHEMBL415133,1,1,1.0
P17342,CHEMBL412793,1,1,1.0
P17342,CHEMBL294262,1,1,0.9999969
P17342,CHEMBL434023,0,0,6.126631e-05
P17342,CHEMBL61413,0,0,5.1045777e-06
P17342,CHEMBL414293,1,1,1.0
P17342,CHEMBL59028,1,1,0.9999993
P17342,CHEMBL304191,1,1,0.99999964
P17342,CHEMBL264744,1,1,1.0
P17342,CHEMBL435181,1,0,0.016492499
P17342,CHEMBL61383,1,1,0.99999917
P17342,CHEMBL411542,1,1,1.0
P17342,CHEMBL4102000,1,1,1.0
P17342,CHEMBL4103929,1,1,1.0
P17342,CHEMBL4098363,1,1,1.0
P17342,CHEMBL4073884,1,1,1.0
P17342,CHEMBL4076102,1,1,1.0
P17342,CHEMBL4105659,1,1,1.0
P17342,CHEMBL4087769,1,1,1.0
P17342,CHEMBL4097040,1,1,1.0
P17342,CHEMBL4076700,1,1,1.0
P17342,CHEMBL4092707,1,1,1.0
P17342,CHEMBL4075426,1,1,1.0
P17342,CHEMBL4088351,1,1,1.0
P17342,CHEMBL4081715,1,1,1.0
P17342,CHEMBL4076901,1,1,1.0
P17342,CHEMBL4061318,1,1,1.0
P17342,CHEMBL4062458,1,1,1.0
P17342,CHEMBL4084160,1,1,1.0
P17342,CHEMBL4071568,1,1,1.0
P17342,CHEMBL4076904,1,1,1.0
P17342,CHEMBL4084171,1,1,1.0
P17342,CHEMBL4062470,1,1,1.0
P17342,CHEMBL4061379,1,1,1.0
P17342,CHEMBL4089530,1,1,1.0
P17342,CHEMBL4099663,1,1,1.0
P17342,CHEMBL4060314,1,1,1.0
P17342,CHEMBL4082715,1,1,1.0
P17342,CHEMBL5193490,0,0,4.5632156e-09
P17342,CHEMBL5171798,0,0,3.58016e-08
P17342,CHEMBL5175209,0,0,2.8929553e-06
P17342,CHEMBL5191531,0,0,1.397461e-06
P17342,CHEMBL5205961,0,0,2.4650795e-05
P17342,CHEMBL5199911,0,0,2.192221e-09
P17342,CHEMBL5188425,0,0,1.8027276e-10
P17342,CHEMBL5194742,0,0,2.926322e-10
P17342,CHEMBL5174834,0,0,8.282753e-12
P17342,CHEMBL5170051,0,0,1.8375997e-10
P17342,CHEMBL5175010,0,0,3.8892424e-13
P17342,CHEMBL5178415,0,0,4.259617e-10
P17342,CHEMBL5178801,0,0,4.6072755e-09
P17342,CHEMBL5198683,0,0,3.8240397e-10
P17342,CHEMBL5207048,0,0,6.1624887e-09
P17342,CHEMBL5174129,0,0,1.8106012e-14
P17342,CHEMBL5177719,0,0,2.6530367e-10
P17342,CHEMBL5180826,0,0,1.5475011e-08
P17342,CHEMBL5200513,0,0,1.8907148e-12
P17342,CHEMBL5174523,0,0,1.7720465e-09
P17342,CHEMBL5191995,0,0,1.2496958e-08
P17342,CHEMBL5208520,0,0,6.185973e-08
Q8IWU9,CHEMBL471380,1,1,1.0
Q8IWU9,CHEMBL512353,0,0,8.119375e-08
Q8IWU9,CHEMBL479924,1,1,1.0
Q8IWU9,CHEMBL471564,1,1,0.9999937
Q8IWU9,CHEMBL4104957,1,0,0.004891165
Q8IWU9,CHEMBL1736726,1,1,0.99997437
Q8IWU9,CHEMBL5192356,1,1,1.0
Q8IWU9,CHEMBL5182871,1,1,1.0
Q8IWU9,CHEMBL5205479,0,1,0.9992981
Q8IWU9,CHEMBL5208107,0,0,0.00014496091
Q8IWU9,CHEMBL5184845,0,0,3.2606786e-05
Q8IWU9,CHEMBL5183005,1,1,1.0
Q8IWU9,CHEMBL5209431,1,1,1.0
Q8IWU9,CHEMBL5172715,0,1,0.99999964
Q8IWU9,CHEMBL5208692,0,1,0.9999856
Q8IWU9,CHEMBL5193102,0,0,0.00022775603
Q8IWU9,CHEMBL5195178,1,1,0.9999989
Q8IWU9,CHEMBL5190719,1,1,1.0
Q8IWU9,CHEMBL5195911,0,0,3.4230343e-05
Q8IWU9,CHEMBL5176883,1,1,1.0
Q8IWU9,CHEMBL5169479,1,1,1.0
Q8IWU9,CHEMBL5173528,1,1,1.0
Q8IWU9,CHEMBL5203888,1,1,1.0
Q8IWU9,CHEMBL5204911,1,1,0.9999769
Q8IWU9,CHEMBL5170266,1,1,1.0
Q8IWU9,CHEMBL5206155,1,1,0.99999976
Q8IWU9,CHEMBL5172824,1,1,1.0
Q8IWU9,CHEMBL5180953,1,1,1.0
Q8IWU9,CHEMBL5183966,1,1,1.0
Q8IWU9,CHEMBL5183282,1,1,0.99998856
Q8IWU9,CHEMBL5183954,1,1,0.9999273
Q8IWU9,CHEMBL5208772,1,1,0.9999976
Q8IWU9,CHEMBL5178857,1,1,0.99994683
Q8IWU9,CHEMBL5198260,1,1,1.0
Q8IWU9,CHEMBL5191481,1,1,0.99999917
Q8IWU9,CHEMBL5200474,1,1,0.9999913
Q8IWU9,CHEMBL5173430,1,1,0.9999993
Q8IWU9,CHEMBL5197055,1,1,1.0
Q8IWU9,CHEMBL5172829,1,1,1.0
Q8IWU9,CHEMBL5176333,1,1,0.99999976
Q8IWU9,CHEMBL5174736,1,1,0.9999962
Q8IWU9,CHEMBL2103855,1,1,0.9999994
Q8IWU9,CHEMBL412813,0,0,0.00019068604
Q8IWU9,CHEMBL5434335,1,1,0.9999628
Q8IWU9,CHEMBL5417752,1,1,0.9986847
Q8IWU9,CHEMBL5424846,1,1,0.99999225
Q8IWU9,CHEMBL5424818,1,1,0.9999989
Q8IWU9,CHEMBL5395489,1,1,0.9999757
Q8IWU9,CHEMBL5397485,1,1,0.9999968
Q8IWU9,CHEMBL5408595,1,1,0.9999964
Q8IWU9,CHEMBL5424626,1,1,0.99999714
Q8IWU9,CHEMBL5420432,1,1,0.9999999
Q8IWU9,CHEMBL5426838,1,1,1.0
Q8IWU9,CHEMBL5416480,1,1,1.0
Q8IWU9,CHEMBL5423736,1,1,1.0
Q8IWU9,CHEMBL5440400,1,1,1.0
Q8IWU9,CHEMBL5437935,1,1,0.9999999
Q8IWU9,CHEMBL5423163,1,1,0.99999154
Q8IWU9,CHEMBL5440685,1,1,0.9999999
Q8IWU9,CHEMBL5396849,1,1,0.9999994
Q8IWU9,CHEMBL5423548,1,1,1.0
Q8IWU9,CHEMBL5407978,1,1,1.0
Q8IWU9,CHEMBL5438521,1,1,0.99995375
Q8IWU9,CHEMBL5404599,1,1,0.99999917
Q8IWU9,CHEMBL5413997,1,1,0.9999902
Q8IWU9,CHEMBL5435460,1,1,0.9999801
Q8IWU9,CHEMBL5396844,1,1,1.0
Q8IWU9,CHEMBL5394249,1,1,0.9999207
Q8IWU9,CHEMBL5398162,1,1,0.9999995
Q8IWU9,CHEMBL5420586,1,1,0.9997868
Q8IWU9,CHEMBL5434435,1,1,0.9999974
Q8IWU9,CHEMBL5403466,1,1,0.9999944
Q8IWU9,CHEMBL5407430,1,1,0.99999654
Q8IWU9,CHEMBL5394253,1,1,0.9999993
Q8IWU9,CHEMBL5413327,1,1,0.9999993
Q8IWU9,CHEMBL5399835,1,1,0.9999999
Q8IWU9,CHEMBL5430684,1,1,0.99997115
Q8IWU9,CHEMBL5420292,1,1,0.9999839
Q8IWU9,CHEMBL5421387,1,1,0.99929965
Q8IWU9,CHEMBL5430067,1,1,0.94396096
Q8IWU9,CHEMBL5424419,1,1,0.9999728
Q8IWU9,CHEMBL5431552,1,1,0.6740074
Q8IWU9,CHEMBL5420781,1,1,1.0
Q8IWU9,CHEMBL5440624,0,0,0.00023555725
Q8IWU9,CHEMBL5421152,1,1,1.0
Q8IWU9,CHEMBL5414714,1,1,0.9999994
Q8IWU9,CHEMBL5435288,1,1,0.99999917
Q8IWU9,CHEMBL5424884,1,1,0.9999995
Q8IWU9,CHEMBL5416684,1,1,0.9999999
Q8IWU9,CHEMBL5438308,1,1,0.9999981
Q8IWU9,CHEMBL5438753,1,1,1.0
Q8IWU9,CHEMBL5411613,1,1,1.0
Q8IWU9,CHEMBL5438865,1,1,1.0
Q8IWU9,CHEMBL5438647,1,1,1.0
Q8IWU9,CHEMBL5421206,1,1,1.0
Q8IWU9,CHEMBL5404510,1,1,0.99999976
Q8IWU9,CHEMBL5416130,1,1,1.0
Q8IWU9,CHEMBL5394907,1,1,0.9999999
Q8IWU9,CHEMBL5430916,1,1,0.99999726
Q8IWU9,CHEMBL5436189,1,1,0.9999956
Q9ULU4,CHEMBL3745885,0,0,2.5666526e-05
Q9ULU4,CHEMBL5653589,1,1,0.67474145
Q9ULU4,CHEMBL1232461,1,1,0.99999964
P43681,CHEMBL1210703,1,1,0.99999714
P43681,CHEMBL3319405,1,1,0.98953867
P43681,CHEMBL3676962,1,1,1.0
P43681,CHEMBL2179528,1,1,0.9999945
P43681,CHEMBL3676986,1,1,1.0
P43681,CHEMBL3676975,1,1,0.99999976
P43681,CHEMBL3676948,1,1,0.9999888
P43681,CHEMBL3676985,1,1,1.0
P43681,CHEMBL3676956,1,1,1.0
P43681,CHEMBL3676957,1,1,1.0
P43681,CHEMBL3676947,1,1,1.0
P43681,CHEMBL3676978,1,1,1.0
P43681,CHEMBL2179545,1,1,1.0
P43681,CHEMBL3676950,1,1,0.9999192
P43681,CHEMBL3676976,1,1,0.99999976
P43681,CHEMBL2179526,1,1,1.0
P43681,CHEMBL3676965,1,1,1.0
P43681,CHEMBL2179543,1,1,1.0
P43681,CHEMBL3676982,1,1,0.9999924
P43681,CHEMBL3676977,1,1,1.0
P43681,CHEMBL3676974,1,1,0.99999535
P43681,CHEMBL2179539,1,1,0.99999976
P43681,CHEMBL2179541,1,1,1.0
P43681,CHEMBL2179516,1,1,0.99999833
P43681,CHEMBL3676944,1,1,1.0
P43681,CHEMBL3676980,1,1,1.0
P43681,CHEMBL2179531,1,1,1.0
P43681,CHEMBL3676949,1,1,1.0
P43681,CHEMBL3676959,1,1,0.9999907
P43681,CHEMBL3676990,1,1,0.9999989
P43681,CHEMBL3676946,1,1,0.99994755
P43681,CHEMBL3676958,1,1,1.0
P43681,CHEMBL2179527,1,1,1.0
P43681,CHEMBL3676971,1,1,0.9999939
P43681,CHEMBL3676991,1,1,0.9999982
P43681,CHEMBL3676960,1,1,1.0
P43681,CHEMBL3676954,1,1,0.9999999
P43681,CHEMBL3676981,1,1,0.99986446
P43681,CHEMBL3676970,1,1,0.99999964
P43681,CHEMBL2179956,1,1,0.9999926
P43681,CHEMBL2179530,1,1,1.0
P43681,CHEMBL3676983,1,1,0.9999918
P43681,CHEMBL3676961,1,1,1.0
P43681,CHEMBL3676972,1,1,0.99995244
P43681,CHEMBL3676943,1,1,0.9999838
P43681,CHEMBL2179538,1,1,0.99999976
P43681,CHEMBL3676988,1,1,0.99988127
P43681,CHEMBL2179540,1,1,1.0
P43681,CHEMBL3676953,1,1,0.9999281
P43681,CHEMBL3676952,1,1,0.99999976
P43681,CHEMBL3676987,1,1,1.0
P43681,CHEMBL3676989,1,1,1.0
P43681,CHEMBL3676951,1,1,0.99999094
P43681,CHEMBL3676966,1,1,1.0
P43681,CHEMBL3676967,1,1,1.0
P43681,CHEMBL3676979,1,1,1.0
P43681,CHEMBL2179966,1,1,0.99997306
P43681,CHEMBL2179532,1,1,1.0
P43681,CHEMBL3676955,1,1,0.9999988
P43681,CHEMBL3676964,1,1,0.99974173
P43681,CHEMBL2179542,1,1,0.9999865
P43681,CHEMBL2179552,1,1,0.9999999
P43681,CHEMBL2179967,1,1,0.9999875
P43681,CHEMBL3676973,1,1,0.9999987
P43681,CHEMBL2179971,1,1,0.999801
P43681,CHEMBL3676963,1,1,1.0
P43681,CHEMBL2179529,1,1,1.0
P43681,CHEMBL3676942,1,1,1.0
P43681,CHEMBL2179546,1,1,1.0
P43681,CHEMBL2179534,1,1,0.9999199
P43681,CHEMBL2179524,1,1,0.9999145
P43681,CHEMBL3676968,1,1,0.9999933
P43681,CHEMBL3676969,1,1,0.99998856
P43681,CHEMBL2179533,1,1,1.0
P43681,CHEMBL3676984,1,1,0.9997497
P43681,CHEMBL2179551,1,1,1.0
P43681,CHEMBL2179547,1,1,1.0
P43681,CHEMBL2179559,1,1,1.0
P43681,CHEMBL3676945,1,1,0.99999917
P43681,CHEMBL2179544,1,1,1.0
P43681,CHEMBL2179548,1,1,0.99997485
Q08462,CHEMBL4784488,1,1,0.99999917
Q08462,CHEMBL4740707,1,1,0.999819
Q08462,CHEMBL4786932,1,1,0.9999746
Q08462,CHEMBL4761430,0,0,8.037001e-09
Q08462,CHEMBL4789237,1,0,0.080670655
Q08462,CHEMBL4760850,0,0,4.3277996e-05
Q08462,CHEMBL4759872,0,0,6.1567285e-10
Q08462,CHEMBL4764988,1,1,0.99997854
Q08462,CHEMBL4742351,0,0,0.015290674
Q08462,CHEMBL4779970,1,1,0.9999424
Q08462,CHEMBL4744648,1,1,0.9999995
Q08462,CHEMBL4798759,0,0,3.6716563e-06
Q08462,CHEMBL4787822,0,0,1.5057068e-10
Q08462,CHEMBL4760156,0,0,1.0420628e-08
Q08462,CHEMBL4751807,0,0,0.00033158105
Q08462,CHEMBL4745662,0,0,0.0009131678
Q08462,CHEMBL4747654,0,0,1.0165711e-06
Q08462,CHEMBL4761233,0,0,3.1143765e-05
Q08462,CHEMBL4795137,0,0,3.3443604e-05
Q08462,CHEMBL4754971,0,0,4.9148308e-05
Q08462,CHEMBL4761309,1,1,1.0
Q08462,CHEMBL4751732,1,1,1.0
Q08462,CHEMBL4777571,1,1,1.0
Q08462,CHEMBL4744718,1,1,1.0
Q08462,CHEMBL4760543,0,0,0.001832356
Q08462,CHEMBL4781262,0,0,0.0005054272
Q08462,CHEMBL4762531,1,1,0.8222845
Q08462,CHEMBL4758446,1,1,0.99998057
Q08462,CHEMBL4800693,0,0,0.000552072
Q08462,CHEMBL4799136,0,1,0.99740535
Q08462,CHEMBL4794886,0,0,2.3929248e-08
Q08462,CHEMBL4754188,0,0,0.0042316755
Q08462,CHEMBL4745564,0,0,3.1942376e-11
Q08462,CHEMBL4750740,1,1,0.99998903
Q08462,CHEMBL4763027,0,0,1.7259035e-06
Q08462,CHEMBL4751176,0,0,0.000620195
Q08462,CHEMBL4745593,1,1,0.9999827
Q08462,CHEMBL4800461,0,0,3.383153e-07
Q08462,CHEMBL4743444,0,0,1.5057038e-10
Q08462,CHEMBL4763908,1,0,3.4064327e-05
Q08462,CHEMBL4782169,0,0,0.00017452588
Q08462,CHEMBL5403024,0,0,1.0064618e-06
Q08462,CHEMBL324017,0,0,0.00042272723
P17787,CHEMBL1669092,0,0,2.4758981e-05
O75881,CHEMBL5574621,0,0,7.5851245e-09
Q96A65,CHEMBL5653589,1,1,0.6693531
Q96A65,CHEMBL3752910,0,0,5.0594185e-06
