uniprot_id,drug_chembl_id,true_label,predicted_label,prediction_probability
P31645,CHEMBL174088,1,1,1.0
P48039,CHEMBL329263,1,1,1.0
P48039,CHEMBL96333,1,1,1.0
P48039,CHEMBL136895,1,1,1.0
P48039,CHEMBL33549,1,1,1.0
P48039,CHEMBL262890,1,1,1.0
P48039,CHEMBL124445,1,1,1.0
P48039,CHEMBL123690,1,1,1.0
P48039,CHEMBL123899,1,1,1.0
P43681,CHEMBL2179551,1,1,1.0
P43681,CHEMBL2179544,1,1,1.0
P48039,CHEMBL125642,1,1,1.0
P48039,CHEMBL124362,1,1,1.0
P48039,CHEMBL334079,1,1,1.0
P48039,CHEMBL14136,1,1,1.0
P48039,CHEMBL14417,1,1,1.0
P48039,CHEMBL435586,1,1,1.0
P48039,CHEMBL124783,1,1,1.0
P48039,CHEMBL125665,1,1,1.0
P48039,CHEMBL123972,1,1,1.0
P48039,CHEMBL124782,1,1,1.0
P31645,CHEMBL359447,0,1,1.0
P31645,CHEMBL443762,0,1,1.0
P43681,CHEMBL3676963,1,1,1.0
P43681,CHEMBL2179529,1,1,1.0
P43681,CHEMBL3676942,1,1,1.0
P48039,CHEMBL124216,1,1,1.0
P48039,CHEMBL123634,1,1,1.0
P49286,CHEMBL330137,1,1,1.0
P49286,CHEMBL342393,1,1,1.0
P49286,CHEMBL96104,1,1,1.0
P49286,CHEMBL328617,1,1,1.0
P49286,CHEMBL136431,1,1,1.0
P49286,CHEMBL329960,1,1,1.0
P48039,CHEMBL127565,1,1,1.0
P48039,CHEMBL330969,1,1,1.0
P48039,CHEMBL125705,1,1,1.0
P43681,CHEMBL3676987,1,1,1.0
P43681,CHEMBL3676989,1,1,1.0
P43681,CHEMBL3676966,1,1,1.0
P43681,CHEMBL3676967,1,1,1.0
P43681,CHEMBL3676979,1,1,1.0
P31645,CHEMBL781,1,1,1.0
P28335,CHEMBL55969,1,1,1.0
P28335,CHEMBL53939,1,1,1.0
P48039,CHEMBL339265,1,1,1.0
P48039,CHEMBL124577,1,1,1.0
P48039,CHEMBL124422,1,1,1.0
P48039,CHEMBL124217,1,1,1.0
P49286,CHEMBL329299,1,1,1.0
P49286,CHEMBL317742,1,1,1.0
P49286,CHEMBL95166,1,1,1.0
P49286,CHEMBL98074,1,1,1.0
P28335,CHEMBL52592,1,1,1.0
P28335,CHEMBL291949,1,1,1.0
P28335,CHEMBL300618,1,1,1.0
P28335,CHEMBL55597,1,1,1.0
P28335,CHEMBL293937,1,1,1.0
P28335,CHEMBL54707,1,1,1.0
P28335,CHEMBL55335,1,1,1.0
P43681,CHEMBL3676961,1,1,1.0
P43681,CHEMBL2179538,1,1,1.0
P43681,CHEMBL2179540,1,1,1.0
P49286,CHEMBL96859,1,1,1.0
P49286,CHEMBL315653,1,1,1.0
P49286,CHEMBL329263,1,1,1.0
P49286,CHEMBL96333,1,1,1.0
P49286,CHEMBL136895,1,1,1.0
P49286,CHEMBL323332,1,1,1.0
P49286,CHEMBL33549,1,1,1.0
P49286,CHEMBL327864,1,1,1.0
P49286,CHEMBL445117,1,1,1.0
P49286,CHEMBL96562,1,1,1.0
P28335,CHEMBL56405,1,1,1.0
P28335,CHEMBL54484,1,1,1.0
P28335,CHEMBL53063,1,1,1.0
P28335,CHEMBL301409,1,1,1.0
P28335,CHEMBL432879,1,1,1.0
P28335,CHEMBL171774,1,1,1.0
P28335,CHEMBL355474,1,1,1.0
P28335,CHEMBL293597,1,1,1.0
P28335,CHEMBL54719,1,1,1.0
P28335,CHEMBL55914,1,1,1.0
P28335,CHEMBL55344,1,1,1.0
P43681,CHEMBL3676949,1,1,1.0
P43681,CHEMBL3676946,1,1,1.0
P43681,CHEMBL3676958,1,1,1.0
P43681,CHEMBL2179527,1,1,1.0
P43681,CHEMBL2179530,1,1,1.0
P49286,CHEMBL329086,1,1,1.0
P49286,CHEMBL440144,1,1,1.0
P49286,CHEMBL94919,1,1,1.0
P49286,CHEMBL123899,1,1,1.0
P49286,CHEMBL125226,1,1,1.0
P49286,CHEMBL125642,1,1,1.0
P49286,CHEMBL124362,1,1,1.0
P49286,CHEMBL334079,1,1,1.0
P49286,CHEMBL14136,1,1,1.0
P49286,CHEMBL14417,1,1,1.0
P49286,CHEMBL14453,1,1,1.0
P49286,CHEMBL273787,1,1,1.0
P49286,CHEMBL13985,1,1,1.0
P43681,CHEMBL3676980,1,1,1.0
P28335,CHEMBL80246,1,1,1.0
P28335,CHEMBL80731,1,1,1.0
P28335,CHEMBL155486,1,1,1.0
P28335,CHEMBL111352,1,1,1.0
P28335,CHEMBL85,1,1,1.0
P28335,CHEMBL170319,1,1,1.0
P28335,CHEMBL172159,1,1,1.0
P28335,CHEMBL451543,1,1,1.0
P49286,CHEMBL14514,1,1,1.0
P49286,CHEMBL429392,1,1,1.0
P49286,CHEMBL124782,1,1,1.0
P49286,CHEMBL333810,1,1,1.0
P49286,CHEMBL124216,1,1,1.0
P49286,CHEMBL123634,1,1,1.0
P49286,CHEMBL262890,1,1,1.0
P28335,CHEMBL76781,1,1,1.0
P28335,CHEMBL18840,1,1,1.0
P43681,CHEMBL3676947,1,1,1.0
P43681,CHEMBL3676978,1,1,1.0
P43681,CHEMBL2179545,1,1,1.0
P43681,CHEMBL2179526,1,1,1.0
P43681,CHEMBL2179543,1,1,1.0
P43681,CHEMBL3676977,1,1,1.0
P43681,CHEMBL2179541,1,1,1.0
P49286,CHEMBL124445,1,1,1.0
P49286,CHEMBL123690,1,1,1.0
P49286,CHEMBL330969,1,1,1.0
P49286,CHEMBL125705,1,1,1.0
P49286,CHEMBL339265,1,1,1.0
P49286,CHEMBL124577,1,1,1.0
P49286,CHEMBL124422,1,1,1.0
P49286,CHEMBL124217,1,1,1.0
P49286,CHEMBL435586,1,1,1.0
P49286,CHEMBL124783,1,1,1.0
P08913,CHEMBL298936,1,1,1.0
P08913,CHEMBL49137,1,1,1.0
P08913,CHEMBL49284,1,1,1.0
P08913,CHEMBL27251,1,1,1.0
P08913,CHEMBL30739,1,1,1.0
P08913,CHEMBL30534,1,1,1.0
P08913,CHEMBL30955,1,1,1.0
P28335,CHEMBL163012,1,1,1.0
P28335,CHEMBL263790,1,1,1.0
P28335,CHEMBL76301,1,1,1.0
P08913,CHEMBL167644,1,1,1.0
P08913,CHEMBL354611,1,1,1.0
P08913,CHEMBL165529,1,1,1.0
P08913,CHEMBL353139,1,1,1.0
P08913,CHEMBL262777,1,1,1.0
P08913,CHEMBL353200,1,1,1.0
P08913,CHEMBL436234,1,1,1.0
P49286,CHEMBL125665,1,1,1.0
P49286,CHEMBL123972,1,1,1.0
P48039,CHEMBL327864,1,1,1.0
P48039,CHEMBL445117,1,1,1.0
P48039,CHEMBL96562,1,1,1.0
P48039,CHEMBL329086,1,1,1.0
P48039,CHEMBL94919,1,1,1.0
P48039,CHEMBL329299,1,1,1.0
P48039,CHEMBL317742,1,1,1.0
O60391,CHEMBL42307,0,1,1.0
O60391,CHEMBL41340,1,1,1.0
P49286,CHEMBL127565,1,1,1.0
P43681,CHEMBL3676956,1,1,1.0
P43681,CHEMBL3676957,1,1,1.0
P08913,CHEMBL284795,1,1,1.0
O60391,CHEMBL69429,1,1,1.0
P48039,CHEMBL95166,1,1,1.0
P48039,CHEMBL98074,1,1,1.0
P48039,CHEMBL330137,1,1,1.0
P48039,CHEMBL342393,1,1,1.0
P48039,CHEMBL328617,1,1,1.0
O60391,CHEMBL302292,1,1,1.0
O60391,CHEMBL22207,1,1,1.0
O60391,CHEMBL133532,1,1,1.0
O60391,CHEMBL131093,1,1,1.0
O60391,CHEMBL167548,1,1,1.0
P08913,CHEMBL114166,1,1,1.0
Q8IWU9,CHEMBL5394907,1,1,1.0
Q8IWU9,CHEMBL5430916,1,1,1.0
Q8IWU9,CHEMBL5436189,1,1,1.0
P43681,CHEMBL3676962,1,1,1.0
P43681,CHEMBL3676986,1,1,1.0
P21728,CHEMBL71600,1,1,1.0
P21728,CHEMBL150800,1,1,1.0
P21728,CHEMBL356597,1,1,1.0
P21728,CHEMBL434215,1,1,1.0
O60391,CHEMBL435790,1,1,1.0
O60391,CHEMBL337277,1,1,1.0
P21728,CHEMBL313530,1,1,1.0
P21728,CHEMBL315535,1,1,1.0
P21728,CHEMBL84557,1,1,1.0
Q8IWU9,CHEMBL5438865,1,1,1.0
Q8IWU9,CHEMBL5438647,1,1,1.0
Q8IWU9,CHEMBL5421206,1,1,1.0
Q8IWU9,CHEMBL5404510,1,1,1.0
Q8IWU9,CHEMBL5416130,1,1,1.0
P08913,CHEMBL91022,1,1,1.0
P08913,CHEMBL91550,1,1,1.0
P08913,CHEMBL327931,1,1,1.0
P21728,CHEMBL59603,1,1,1.0
P21728,CHEMBL708,1,1,1.0
P21728,CHEMBL85,1,1,1.0
P21728,CHEMBL285802,1,1,1.0
P21728,CHEMBL12713,1,1,1.0
P21728,CHEMBL322760,1,1,1.0
P27338,CHEMBL161896,1,1,1.0
P35372,CHEMBL1161417,1,1,1.0
P35372,CHEMBL1161413,1,1,1.0
P35372,CHEMBL101519,1,1,1.0
P08913,CHEMBL327116,1,1,1.0
Q8IWU9,CHEMBL5421152,1,1,1.0
Q8IWU9,CHEMBL5414714,1,1,1.0
Q8IWU9,CHEMBL5435288,1,1,1.0
Q8IWU9,CHEMBL5424884,1,1,1.0
Q8IWU9,CHEMBL5438753,1,1,1.0
Q8IWU9,CHEMBL5411613,1,1,1.0
P35372,CHEMBL1161415,1,1,1.0
P35372,CHEMBL1161429,1,1,1.0
P27338,CHEMBL434261,1,1,1.0
P27338,CHEMBL348961,1,1,1.0
P27338,CHEMBL414637,1,1,1.0
P35372,CHEMBL1161412,1,1,1.0
P35372,CHEMBL1161414,1,1,1.0
P35372,CHEMBL1161425,1,1,1.0
P35372,CHEMBL1790709,1,1,1.0
P27338,CHEMBL17079,1,1,1.0
P18089,CHEMBL30955,1,1,1.0
P18089,CHEMBL284795,1,1,1.0
P08913,CHEMBL323402,1,1,1.0
P35367,CHEMBL294061,1,1,1.0
P35367,CHEMBL13795,1,1,1.0
P35367,CHEMBL418470,1,1,1.0
P35367,CHEMBL60716,1,1,1.0
P35367,CHEMBL13559,1,1,1.0
P35367,CHEMBL59389,1,1,1.0
P41595,CHEMBL55969,1,1,1.0
P41595,CHEMBL53939,1,1,1.0
P41595,CHEMBL293597,1,1,1.0
P41595,CHEMBL54719,1,1,1.0
P41595,CHEMBL55914,1,1,1.0
Q8IWU9,CHEMBL5423548,1,1,1.0
Q8IWU9,CHEMBL5407978,1,1,1.0
Q8IWU9,CHEMBL5404599,1,1,1.0
Q8IWU9,CHEMBL5396844,1,1,1.0
P41595,CHEMBL55344,1,1,1.0
P41595,CHEMBL52592,1,1,1.0
P41595,CHEMBL291949,1,1,1.0
P41595,CHEMBL300618,1,1,1.0
P41595,CHEMBL55597,1,1,1.0
P41595,CHEMBL293937,1,1,1.0
P41595,CHEMBL54707,1,1,1.0
P41595,CHEMBL55335,1,1,1.0
P41595,CHEMBL56405,1,1,1.0
P41595,CHEMBL54484,1,1,1.0
P41595,CHEMBL53063,1,1,1.0
P41595,CHEMBL301409,1,1,1.0
P41595,CHEMBL432879,1,1,1.0
Q8IWU9,CHEMBL5426838,1,1,1.0
Q8IWU9,CHEMBL5416480,1,1,1.0
Q8IWU9,CHEMBL5423736,1,1,1.0
Q8IWU9,CHEMBL5440400,1,1,1.0
Q8IWU9,CHEMBL5440685,1,1,1.0
P41595,CHEMBL451543,1,1,1.0
P41595,CHEMBL80246,1,1,1.0
P41595,CHEMBL80731,1,1,1.0
P41595,CHEMBL76301,1,1,1.0
P41595,CHEMBL76781,1,1,1.0
P41595,CHEMBL80366,1,1,1.0
P41595,CHEMBL76474,1,1,1.0
P41595,CHEMBL77880,1,1,1.0
P18089,CHEMBL123138,1,1,1.0
Q8IWU9,CHEMBL5198260,1,1,1.0
Q8IWU9,CHEMBL5173430,1,1,1.0
Q8IWU9,CHEMBL5197055,1,1,1.0
Q8IWU9,CHEMBL5172829,1,1,1.0
Q8IWU9,CHEMBL5176333,1,1,1.0
Q8IWU9,CHEMBL5174736,1,1,1.0
Q8IWU9,CHEMBL2103855,1,1,1.0
P41595,CHEMBL14563,1,1,1.0
P41595,CHEMBL158627,1,1,1.0
P41595,CHEMBL101008,1,1,1.0
P41595,CHEMBL102347,1,1,1.0
P41595,CHEMBL357702,1,1,1.0
P41595,CHEMBL358810,1,1,1.0
P41595,CHEMBL358522,1,1,1.0
P41595,CHEMBL138989,1,1,1.0
P41595,CHEMBL263881,1,1,1.0
P41595,CHEMBL343755,1,1,1.0
P41595,CHEMBL137781,1,1,1.0
P21918,CHEMBL138989,1,1,1.0
P21918,CHEMBL263881,1,1,1.0
P21918,CHEMBL343755,1,1,1.0
P21918,CHEMBL137781,1,1,1.0
Q8IWU9,CHEMBL5176883,1,1,1.0
Q8IWU9,CHEMBL5169479,1,1,1.0
Q8IWU9,CHEMBL5173528,1,1,1.0
Q8IWU9,CHEMBL5203888,1,1,1.0
Q8IWU9,CHEMBL5170266,1,1,1.0
Q8IWU9,CHEMBL5180953,1,1,1.0
P21918,CHEMBL435505,1,1,1.0
P21918,CHEMBL364565,1,1,1.0
P35499,CHEMBL38488,1,1,1.0
P17342,CHEMBL4060314,1,1,1.0
P17342,CHEMBL4082715,1,1,1.0
Q8IWU9,CHEMBL471380,1,1,1.0
Q8IWU9,CHEMBL479924,1,1,1.0
Q8IWU9,CHEMBL471564,1,1,1.0
P34903,CHEMBL358874,1,1,1.0
P34903,CHEMBL661,1,1,1.0
P21918,CHEMBL201483,1,1,1.0
P21918,CHEMBL203047,1,1,1.0
P28222,CHEMBL323986,1,1,1.0
Q01118,CHEMBL5082131,1,1,1.0
Q01118,CHEMBL5079176,1,1,1.0
Q01118,CHEMBL5094715,1,1,1.0
Q01118,CHEMBL5176104,1,1,1.0
Q01118,CHEMBL5202508,1,1,1.0
Q01118,CHEMBL5208962,1,1,1.0
Q01118,CHEMBL5194991,1,1,1.0
Q01118,CHEMBL5186539,1,1,1.0
Q01118,CHEMBL4471012,1,1,1.0
Q01118,CHEMBL4444707,1,1,1.0
Q01118,CHEMBL3657851,1,1,1.0
Q01118,CHEMBL3657932,1,1,1.0
Q01118,CHEMBL5082739,1,1,1.0
Q01118,CHEMBL3657939,1,1,1.0
Q01118,CHEMBL3657938,1,1,1.0
Q01118,CHEMBL3662226,1,1,1.0
Q01118,CHEMBL5091342,1,1,1.0
Q01118,CHEMBL5083410,0,1,1.0
Q01118,CHEMBL5081884,1,1,1.0
P17342,CHEMBL4071568,1,1,1.0
P17342,CHEMBL4076904,1,1,1.0
P17342,CHEMBL4084171,1,1,1.0
P17342,CHEMBL4062470,1,1,1.0
P17342,CHEMBL4061379,1,1,1.0
P17342,CHEMBL4089530,1,1,1.0
P17342,CHEMBL4099663,1,1,1.0
P17342,CHEMBL4061318,1,1,1.0
P17342,CHEMBL4062458,1,1,1.0
P17342,CHEMBL4084160,1,1,1.0
P34903,CHEMBL45346,1,1,1.0
P34903,CHEMBL363211,1,1,1.0
P34903,CHEMBL358301,1,1,1.0
P34903,CHEMBL342270,1,1,1.0
Q01118,CHEMBL5080891,1,1,1.0
Q01118,CHEMBL5071877,1,1,1.0
Q01118,CHEMBL5082321,1,1,1.0
Q01118,CHEMBL5080495,1,1,1.0
P28222,CHEMBL323666,1,1,1.0
P28222,CHEMBL323705,1,1,1.0
P28222,CHEMBL114571,1,1,1.0
P28222,CHEMBL113893,1,1,1.0
P28222,CHEMBL114780,1,1,1.0
P28222,CHEMBL115941,1,1,1.0
P17342,CHEMBL4103929,1,1,1.0
P17342,CHEMBL4098363,1,1,1.0
P17342,CHEMBL4073884,1,1,1.0
P17342,CHEMBL4076102,1,1,1.0
P17342,CHEMBL4105659,1,1,1.0
P17342,CHEMBL4087769,1,1,1.0
P17342,CHEMBL4097040,1,1,1.0
P17342,CHEMBL4076700,1,1,1.0
P17342,CHEMBL4092707,1,1,1.0
P17342,CHEMBL4075426,1,1,1.0
P17342,CHEMBL4088351,1,1,1.0
P17342,CHEMBL4081715,1,1,1.0
P17342,CHEMBL4076901,1,1,1.0
P34903,CHEMBL49141,1,1,1.0
P34903,CHEMBL1518572,1,1,1.0
P34903,CHEMBL454095,1,1,1.0
P34903,CHEMBL373250,1,1,1.0
P34903,CHEMBL204696,1,1,1.0
P34903,CHEMBL306422,1,1,1.0
P34903,CHEMBL4581355,1,1,1.0
Q01118,CHEMBL4217988,1,1,1.0
Q01118,CHEMBL3657855,1,1,1.0
Q01118,CHEMBL3318132,1,1,1.0
Q01118,CHEMBL4588728,1,1,1.0
Q01118,CHEMBL3416886,1,1,1.0
Q01118,CHEMBL4454760,1,1,1.0
Q01118,CHEMBL501134,1,1,1.0
Q01118,CHEMBL4547737,1,1,1.0
Q01118,CHEMBL4458532,1,1,1.0
Q9Y5Y9,CHEMBL1277700,1,1,1.0
P17342,CHEMBL412793,1,1,1.0
P17342,CHEMBL414293,1,1,1.0
P17342,CHEMBL264744,1,1,1.0
P17342,CHEMBL411542,1,1,1.0
P17342,CHEMBL4102000,1,1,1.0
P34903,CHEMBL301605,1,1,1.0
P34903,CHEMBL496990,1,1,1.0
P34903,CHEMBL2008708,1,1,1.0
P34903,CHEMBL5281056,1,1,1.0
P78334,CHEMBL61683,1,1,1.0
Q9Y5Y9,CHEMBL1631103,1,1,1.0
Q9Y5Y9,CHEMBL1631104,1,1,1.0
Q9Y5Y9,CHEMBL507974,1,1,1.0
P28222,CHEMBL116876,1,1,1.0
P28222,CHEMBL332484,1,1,1.0
P28222,CHEMBL115663,1,1,1.0
P28222,CHEMBL113868,1,1,1.0
P49789,CHEMBL1812070,1,1,1.0
P49789,CHEMBL1812069,1,1,1.0
P49789,CHEMBL1812068,1,1,1.0
P49789,CHEMBL1812067,1,1,1.0
P49789,CHEMBL1812066,1,1,1.0
Q9UJ96,CHEMBL5722941,1,1,1.0
P17342,CHEMBL412913,1,1,1.0
P17342,CHEMBL405854,1,1,1.0
P17342,CHEMBL415133,1,1,1.0
Q9Y5Y9,CHEMBL1270898,1,1,1.0
Q9Y5Y9,CHEMBL1277792,1,1,1.0
Q9Y5Y9,CHEMBL1277877,1,1,1.0
Q9Y5Y9,CHEMBL1277959,1,1,1.0
Q9Y5Y9,CHEMBL1277514,1,1,1.0
Q9Y5Y9,CHEMBL1278044,1,1,1.0
Q9Y5Y9,CHEMBL1277607,1,1,1.0
Q9Y5Y9,CHEMBL1277606,1,1,1.0
Q9Y5Y9,CHEMBL1277876,1,1,1.0
P78334,CHEMBL315810,1,1,1.0
P78334,CHEMBL88647,1,1,1.0
Q9Y5Y9,CHEMBL1271416,1,1,1.0
Q9Y5Y9,CHEMBL1271415,1,1,1.0
Q9Y5Y9,CHEMBL1271309,1,1,1.0
Q9Y5Y9,CHEMBL1270999,1,1,1.0
Q9Y5Y9,CHEMBL253659,1,1,1.0
Q9Y5Y9,CHEMBL1270208,1,1,1.0
P28222,CHEMBL352159,1,1,1.0
Q9Y5Y9,CHEMBL252836,1,1,1.0
P35368,CHEMBL100052,1,1,1.0
P35368,CHEMBL99614,1,1,1.0
P35368,CHEMBL98430,1,1,1.0
P28222,CHEMBL164111,1,1,1.0
P28222,CHEMBL164413,1,1,1.0
P28222,CHEMBL161696,1,1,1.0
P25103,CHEMBL420787,1,1,1.0
P25103,CHEMBL105060,1,1,1.0
P25103,CHEMBL119126,1,1,1.0
P25103,CHEMBL84161,1,1,1.0
P25103,CHEMBL311946,1,1,1.0
P25103,CHEMBL332793,1,1,1.0
P25103,CHEMBL115633,1,1,1.0
P25103,CHEMBL84761,1,1,1.0
P46098,CHEMBL68281,1,1,1.0
P46098,CHEMBL63863,1,1,1.0
P25103,CHEMBL426577,1,1,1.0
P25103,CHEMBL173564,1,1,1.0
P25103,CHEMBL173396,1,1,1.0
P25103,CHEMBL120781,1,1,1.0
P25103,CHEMBL369601,1,1,1.0
P25100,CHEMBL13852,1,1,1.0
P35368,CHEMBL101579,1,1,1.0
P35368,CHEMBL101610,1,1,1.0
P35368,CHEMBL322688,1,1,1.0
P46098,CHEMBL38465,1,1,1.0
P46098,CHEMBL329179,1,1,1.0
P46098,CHEMBL290938,1,1,1.0
P46098,CHEMBL46,1,1,1.0
P46098,CHEMBL421747,1,1,1.0
P21917,CHEMBL328283,1,1,1.0
P46098,CHEMBL142852,1,1,1.0
P21917,CHEMBL302904,1,1,1.0
P21917,CHEMBL311539,1,1,1.0
P21917,CHEMBL60957,1,1,1.0
P21917,CHEMBL147003,1,1,1.0
P25103,CHEMBL120081,1,1,1.0
P25103,CHEMBL175224,1,1,1.0
P25103,CHEMBL319653,1,1,1.0
P25103,CHEMBL158255,1,1,1.0
P25103,CHEMBL154803,1,1,1.0
P25103,CHEMBL155976,1,1,1.0
P25103,CHEMBL347891,1,1,1.0
P21917,CHEMBL328051,1,1,1.0
P21917,CHEMBL144835,1,1,1.0
P21917,CHEMBL291380,1,1,1.0
P21917,CHEMBL90476,1,1,1.0
P21917,CHEMBL88837,1,1,1.0
P25100,CHEMBL100052,1,1,1.0
P25100,CHEMBL99614,1,1,1.0
P18825,CHEMBL298936,1,1,1.0
P18825,CHEMBL49137,1,1,1.0
P18825,CHEMBL49284,1,1,1.0
P18825,CHEMBL647,1,1,1.0
P18825,CHEMBL30739,1,1,1.0
P18825,CHEMBL284795,1,1,1.0
P18825,CHEMBL284213,1,1,1.0
P25100,CHEMBL98430,1,1,1.0
P21917,CHEMBL302183,1,1,1.0
P21917,CHEMBL304692,0,1,1.0
P25103,CHEMBL156933,1,1,1.0
P25103,CHEMBL434272,1,1,1.0
P25103,CHEMBL318093,1,1,1.0
P25103,CHEMBL358173,1,1,1.0
P25103,CHEMBL346485,1,1,1.0
P21917,CHEMBL291824,1,1,1.0
P21917,CHEMBL330108,1,1,1.0
P21917,CHEMBL42,1,1,1.0
P21917,CHEMBL61657,1,1,1.0
P18825,CHEMBL13856,1,1,1.0
P18825,CHEMBL327931,1,1,1.0
P25100,CHEMBL101579,1,1,1.0
P25100,CHEMBL101610,1,1,1.0
P25100,CHEMBL322688,1,1,1.0
P21917,CHEMBL303519,1,1,1.0
P21917,CHEMBL61682,1,1,1.0
P21917,CHEMBL64597,1,1,1.0
P50406,CHEMBL92093,1,1,1.0
P50406,CHEMBL95136,1,1,1.0
P50406,CHEMBL267615,1,1,1.0
P50406,CHEMBL319322,1,1,1.0
P50406,CHEMBL443796,1,1,1.0
P50406,CHEMBL18840,1,1,1.0
P50406,CHEMBL908,1,1,1.0
P50406,CHEMBL39,1,1,1.0
Q99250,CHEMBL1278044,0,1,1.0
Q99250,CHEMBL1277514,0,1,1.0
P50406,CHEMBL93240,1,1,1.0
P50406,CHEMBL46187,1,1,1.0
P28566,CHEMBL482496,1,1,1.0
P18825,CHEMBL114166,1,1,1.0
P18825,CHEMBL91022,1,1,1.0
P18825,CHEMBL313953,1,1,1.0
P18825,CHEMBL91550,1,1,1.0
P50406,CHEMBL97518,1,1,1.0
P50406,CHEMBL72554,1,1,1.0
P50406,CHEMBL94569,1,1,1.0
Q99250,CHEMBL1277877,1,1,1.0
Q99250,CHEMBL1277959,1,1,1.0
Q99250,CHEMBL1277876,1,1,1.0
P50406,CHEMBL329046,1,1,1.0
P18825,CHEMBL25467,1,1,1.0
P18825,CHEMBL123448,1,1,1.0
P18825,CHEMBL123138,1,1,1.0
P18825,CHEMBL123349,1,1,1.0
P50406,CHEMBL319956,1,1,1.0
P50406,CHEMBL93868,1,1,1.0
P50406,CHEMBL92139,1,1,1.0
P50406,CHEMBL329739,1,1,1.0
P50406,CHEMBL98404,1,1,1.0
P50406,CHEMBL94093,1,1,1.0
P50406,CHEMBL94422,1,1,1.0
P50406,CHEMBL328816,1,1,1.0
P50406,CHEMBL75029,1,1,1.0
P28221,CHEMBL304857,1,1,1.0
P28221,CHEMBL323986,1,1,1.0
P28221,CHEMBL432332,1,1,1.0
O00206,CHEMBL3261032,1,1,1.0
O00206,CHEMBL3261035,1,1,1.0
P28566,CHEMBL138989,1,1,1.0
P28566,CHEMBL263881,1,1,1.0
P28566,CHEMBL343755,1,1,1.0
P28566,CHEMBL137781,1,1,1.0
P18825,CHEMBL306792,1,1,1.0
P28221,CHEMBL416688,1,1,1.0
P28221,CHEMBL294732,1,1,1.0
P28221,CHEMBL117397,1,1,1.0
P28221,CHEMBL323666,1,1,1.0
P28221,CHEMBL323705,1,1,1.0
P28221,CHEMBL114571,1,1,1.0
P28221,CHEMBL113893,1,1,1.0
P28221,CHEMBL113950,1,1,1.0
P28221,CHEMBL114780,1,1,1.0
P28221,CHEMBL115941,1,1,1.0
P28221,CHEMBL431866,1,1,1.0
P28221,CHEMBL116876,1,1,1.0
P28221,CHEMBL332484,1,1,1.0
P28221,CHEMBL115663,1,1,1.0
P28221,CHEMBL113868,1,1,1.0
O00206,CHEMBL382272,1,1,1.0
O00206,CHEMBL200140,1,1,1.0
O00206,CHEMBL200667,1,1,1.0
O00206,CHEMBL200398,1,1,1.0
O00206,CHEMBL505526,1,1,1.0
O00206,CHEMBL3301672,1,1,1.0
O00206,CHEMBL375048,1,1,1.0
O00206,CHEMBL224199,1,1,1.0
O00206,CHEMBL426184,1,1,1.0
Q8N1C3,CHEMBL61683,1,1,1.0
P30939,CHEMBL431041,1,1,1.0
P30939,CHEMBL104484,1,1,1.0
P30939,CHEMBL321343,1,1,1.0
P30939,CHEMBL102250,1,1,1.0
P28221,CHEMBL21724,1,1,1.0
P28221,CHEMBL163376,1,1,1.0
P28221,CHEMBL420965,1,1,1.0
P28221,CHEMBL352159,1,1,1.0
P34969,CHEMBL18840,1,1,1.0
P34969,CHEMBL39,1,1,1.0
P34969,CHEMBL28056,1,1,1.0
O00591,CHEMBL88647,1,1,1.0
Q8N1C3,CHEMBL88647,1,1,1.0
P30939,CHEMBL104692,1,1,1.0
P30939,CHEMBL105556,1,1,1.0
P30939,CHEMBL321967,1,1,1.0
O00591,CHEMBL315810,1,1,1.0
P34969,CHEMBL1065,1,1,1.0
P34969,CHEMBL273246,1,1,1.0
P34969,CHEMBL12314,1,1,1.0
Q8WXA8,CHEMBL46,1,1,1.0
Q8WXA8,CHEMBL136524,1,1,1.0
Q8WXA8,CHEMBL136449,1,1,1.0
Q8WXA8,CHEMBL337324,1,1,1.0
Q8WXA8,CHEMBL341474,1,1,1.0
Q8WXA8,CHEMBL137621,1,1,1.0
Q8WXA8,CHEMBL342447,1,1,1.0
Q8WXA8,CHEMBL136536,1,1,1.0
Q8WXA8,CHEMBL139327,1,1,1.0
O00591,CHEMBL61683,1,1,1.0
Q8WXA8,CHEMBL423899,1,1,1.0
Q8WXA8,CHEMBL53573,1,1,1.0
P30939,CHEMBL105240,1,1,1.0
P30939,CHEMBL103058,1,1,1.0
P30939,CHEMBL323264,1,1,1.0
Q8N1C3,CHEMBL315810,1,1,1.0
Q8WXA8,CHEMBL160581,1,1,1.0
Q8WXA8,CHEMBL40190,1,1,1.0
Q8WXA8,CHEMBL129150,1,1,1.0
Q8WXA8,CHEMBL42538,1,1,1.0
A5X5Y0,CHEMBL46,1,1,1.0
A5X5Y0,CHEMBL136524,1,1,1.0
A5X5Y0,CHEMBL136449,1,1,1.0
A5X5Y0,CHEMBL337324,1,1,1.0
A5X5Y0,CHEMBL341474,1,1,1.0
P30939,CHEMBL92139,1,1,1.0
P30939,CHEMBL126340,1,1,1.0
P30939,CHEMBL125745,1,1,1.0
P30939,CHEMBL93868,1,1,1.0
P30939,CHEMBL104753,1,1,1.0
P30939,CHEMBL104496,1,1,1.0
P30939,CHEMBL105958,1,1,1.0
P30939,CHEMBL104720,1,1,1.0
A5X5Y0,CHEMBL137621,1,1,1.0
A5X5Y0,CHEMBL342447,1,1,1.0
A5X5Y0,CHEMBL136536,1,1,1.0
A5X5Y0,CHEMBL139327,1,1,1.0
Q9UN88,CHEMBL88647,1,1,1.0
A5X5Y0,CHEMBL423899,1,1,1.0
A5X5Y0,CHEMBL42538,1,1,1.0
P30939,CHEMBL177258,1,1,1.0
P30939,CHEMBL369705,1,1,1.0
P30939,CHEMBL177238,1,1,1.0
P30939,CHEMBL173949,1,1,1.0
A5X5Y0,CHEMBL53573,1,1,1.0
Q9UN88,CHEMBL315810,1,1,1.0
A5X5Y0,CHEMBL160581,1,1,1.0
A5X5Y0,CHEMBL840,1,1,1.0
A5X5Y0,CHEMBL40190,1,1,1.0
A5X5Y0,CHEMBL129150,1,1,1.0
A5X5Y0,CHEMBL43078,1,1,1.0
P31645,CHEMBL367408,1,1,1.0
P31645,CHEMBL432394,1,1,1.0
P48039,CHEMBL14453,1,1,1.0
P48039,CHEMBL273787,1,1,1.0
P48039,CHEMBL13985,1,1,1.0
P48039,CHEMBL14514,1,1,1.0
P48039,CHEMBL429392,1,1,1.0
P48039,CHEMBL315653,1,1,1.0
P31645,CHEMBL173344,1,1,1.0
P31645,CHEMBL173427,1,1,1.0
P31645,CHEMBL353333,1,1,1.0
P31645,CHEMBL169471,1,1,1.0
P31645,CHEMBL490,1,1,1.0
P31645,CHEMBL544633,1,1,0.9999999
P48039,CHEMBL331317,1,1,0.9999999
P48039,CHEMBL323332,1,1,0.9999999
P48039,CHEMBL125033,1,1,0.9999999
P25100,CHEMBL101869,1,1,0.9999999
P43681,CHEMBL2179559,1,1,0.9999999
P43681,CHEMBL2179547,1,1,0.9999999
P50406,CHEMBL329075,1,1,0.9999999
P18825,CHEMBL836,1,1,0.9999999
P18825,CHEMBL268758,1,1,0.9999999
P25100,CHEMBL98168,1,1,0.9999999
P25103,CHEMBL366818,1,1,0.9999999
P43681,CHEMBL3676960,1,1,0.9999999
P43681,CHEMBL2179531,1,1,0.9999999
P08913,CHEMBL353212,1,1,0.9999999
P08913,CHEMBL284213,1,1,0.9999999
P49286,CHEMBL123973,1,1,0.9999999
P30939,CHEMBL105327,1,1,0.9999999
P28335,CHEMBL12314,1,1,0.9999999
P49286,CHEMBL291857,1,1,0.9999999
A5X5Y0,CHEMBL422279,1,1,0.9999999
A5X5Y0,CHEMBL136525,1,1,0.9999999
A5X5Y0,CHEMBL136108,1,1,0.9999999
P30939,CHEMBL319920,1,1,0.9999999
P49286,CHEMBL331317,1,1,0.9999999
Q8WXA8,CHEMBL43078,1,1,0.9999999
P49286,CHEMBL136894,1,1,0.9999999
P30939,CHEMBL319857,1,1,0.9999999
Q8WXA8,CHEMBL422279,1,1,0.9999999
P30939,CHEMBL420475,1,1,0.9999999
P48039,CHEMBL136431,1,1,0.9999999
P21728,CHEMBL304535,1,1,0.9999999
P21728,CHEMBL56666,1,1,0.9999999
P21728,CHEMBL58422,1,1,0.9999999
Q8WXA8,CHEMBL840,1,1,0.9999999
P21728,CHEMBL294012,1,1,0.9999999
P25100,CHEMBL50081,1,1,0.9999999
Q99250,CHEMBL1277607,1,1,0.9999999
P18825,CHEMBL89685,1,1,0.9999999
P18825,CHEMBL10347,1,1,0.9999999
P08913,CHEMBL407509,1,1,0.9999999
P49286,CHEMBL125033,1,1,0.9999999
P48039,CHEMBL440144,1,1,0.9999999
P50406,CHEMBL42,1,1,0.9999999
P49286,CHEMBL127576,1,1,0.9999999
P49286,CHEMBL338659,1,1,0.9999999
P08913,CHEMBL286246,1,1,0.9999999
P48039,CHEMBL96104,1,1,0.9999999
Q8WXA8,CHEMBL136525,1,1,0.9999999
P08913,CHEMBL13856,1,1,0.9999999
P48039,CHEMBL96859,1,1,0.9999999
Q99250,CHEMBL1270208,0,1,0.9999999
P18825,CHEMBL15245,1,1,0.9999999
P46098,CHEMBL145033,1,1,0.9999999
P46098,CHEMBL145725,1,1,0.9999999
Q01118,CHEMBL2325014,1,1,0.9999999
Q01118,CHEMBL507974,1,1,0.9999999
P34903,CHEMBL4062225,1,1,0.9999999
P28222,CHEMBL21724,1,1,0.9999999
P21728,CHEMBL65397,1,1,0.9999999
P18089,CHEMBL25467,1,1,0.9999999
P18089,CHEMBL114166,1,1,0.9999999
P28222,CHEMBL163376,1,1,0.9999999
P50406,CHEMBL316881,1,1,0.9999999
P35368,CHEMBL50081,1,1,0.9999999
Q8IWU9,CHEMBL5172824,1,1,0.9999999
Q8IWU9,CHEMBL5206155,1,1,0.9999999
Q9Y5Y9,CHEMBL1278138,1,1,0.9999999
P28221,CHEMBL331612,1,1,0.9999999
P28221,CHEMBL116092,1,1,0.9999999
Q9Y5Y9,CHEMBL2324352,1,1,0.9999999
P35368,CHEMBL13852,1,1,0.9999999
Q9Y5Y9,CHEMBL1271308,1,1,0.9999999
P27338,CHEMBL17092,1,1,0.9999999
P27338,CHEMBL16623,1,1,0.9999999
P28222,CHEMBL347665,1,1,0.9999999
P50406,CHEMBL72574,1,1,0.9999999
P50406,CHEMBL97819,1,1,0.9999999
P34969,CHEMBL81607,1,1,0.9999999
Q8IWU9,CHEMBL5420781,1,1,0.9999999
P46098,CHEMBL304534,1,1,0.9999999
P46098,CHEMBL305582,1,1,0.9999999
P25103,CHEMBL174016,1,1,0.9999999
Q9ULU4,CHEMBL1232461,1,1,0.9999999
P25103,CHEMBL176557,1,1,0.9999999
P21728,CHEMBL444321,1,1,0.9999999
P34969,CHEMBL19215,1,1,0.9999999
P21728,CHEMBL298406,1,1,0.9999999
O60391,CHEMBL130247,1,1,0.9999999
O60391,CHEMBL133531,1,1,0.9999999
P08913,CHEMBL313953,1,1,0.9999999
P50406,CHEMBL75734,1,1,0.9999999
P28221,CHEMBL116031,1,1,0.9999999
P34903,CHEMBL146488,1,1,0.9999999
P28222,CHEMBL117397,1,1,0.9999999
P28221,CHEMBL325175,1,1,0.9999999
P34903,CHEMBL1077391,1,1,0.9999999
P18825,CHEMBL70751,1,1,0.9999999
P28221,CHEMBL108722,1,1,0.9999999
P28221,CHEMBL325359,1,1,0.9999999
P48039,CHEMBL125226,1,1,0.9999999
P21917,CHEMBL59942,1,1,0.9999999
P43681,CHEMBL2179552,1,1,0.9999999
P48039,CHEMBL333810,1,1,0.9999999
P49286,CHEMBL435023,1,1,0.9999999
P18825,CHEMBL420060,1,1,0.9999999
P28221,CHEMBL113994,1,1,0.9999999
P21918,CHEMBL186720,1,1,0.9999999
Q8IWU9,CHEMBL5191481,1,1,0.9999999
P21918,CHEMBL382850,1,1,0.9999999
P34903,CHEMBL147364,1,1,0.9999999
P34903,CHEMBL343009,1,1,0.9999999
P18825,CHEMBL31410,1,1,0.9999999
P43681,CHEMBL2179533,1,1,0.99999976
P48039,CHEMBL127576,1,1,0.99999976
P43681,CHEMBL3676955,1,1,0.99999976
Q9UN88,CHEMBL61683,1,1,0.99999976
O60391,CHEMBL305195,1,1,0.99999976
P28566,CHEMBL278610,1,1,0.99999976
O60391,CHEMBL130193,0,1,0.99999976
P48039,CHEMBL435023,1,1,0.99999976
O00591,CHEMBL59190,1,1,0.99999976
P30939,CHEMBL419547,1,1,0.99999976
P18825,CHEMBL299879,1,1,0.99999976
P25103,CHEMBL106273,1,1,0.99999976
P43681,CHEMBL3676970,1,1,0.99999976
P25103,CHEMBL322453,1,1,0.99999976
P34903,CHEMBL3681419,1,1,0.99999976
P43681,CHEMBL2179546,1,1,0.99999976
P43681,CHEMBL2179532,1,1,0.99999976
P25100,CHEMBL101739,1,1,0.99999976
P34903,CHEMBL146302,1,1,0.99999976
P34903,CHEMBL178942,1,1,0.99999976
P35367,CHEMBL305135,1,1,0.99999976
P35367,CHEMBL292924,1,1,0.99999976
P28566,CHEMBL22553,1,1,0.99999976
P18089,CHEMBL327931,1,1,0.99999976
P35367,CHEMBL292558,1,1,0.99999976
P18089,CHEMBL306792,1,1,0.99999976
P41595,CHEMBL55784,1,1,0.99999976
P35372,CHEMBL610550,1,1,0.99999976
O00591,CHEMBL88709,1,1,0.99999976
Q8WXA8,CHEMBL136108,1,1,0.99999976
Q8N1C3,CHEMBL88709,1,1,0.99999976
A5X5Y0,CHEMBL348890,1,1,0.99999976
P08913,CHEMBL353843,1,1,0.99999976
P28335,CHEMBL55784,1,1,0.99999976
P48039,CHEMBL136894,1,1,0.99999976
P35368,CHEMBL101869,1,1,0.99999976
P35499,CHEMBL507974,1,1,0.99999976
Q8IWU9,CHEMBL5420432,1,1,0.99999976
P78334,CHEMBL88709,1,1,0.99999976
Q8IWU9,CHEMBL5438308,1,1,0.99999976
P35367,CHEMBL302231,1,1,0.99999976
P21728,CHEMBL113196,1,1,0.99999976
P34903,CHEMBL344120,1,1,0.99999976
P48039,CHEMBL123973,1,1,0.99999976
Q01118,CHEMBL5178152,1,1,0.99999976
P28221,CHEMBL323603,1,1,0.99999976
P18089,CHEMBL72768,1,1,0.99999976
P35368,CHEMBL98168,1,1,0.99999976
P25103,CHEMBL431974,1,1,0.99999976
P25103,CHEMBL313590,1,1,0.99999976
Q8IWU9,CHEMBL5399835,1,1,0.99999976
Q8N1C3,CHEMBL59190,1,1,0.99999976
Q01118,CHEMBL5196338,1,1,0.99999976
P35499,CHEMBL38970,1,1,0.99999976
P35499,CHEMBL38031,1,1,0.99999976
P49286,CHEMBL331636,1,1,0.99999964
O60391,CHEMBL336430,1,1,0.99999964
P46098,CHEMBL40260,1,1,0.99999964
P25103,CHEMBL293432,1,1,0.99999964
P48039,CHEMBL338659,1,1,0.99999964
P31645,CHEMBL106939,1,1,0.99999964
P25103,CHEMBL90416,1,1,0.99999964
P48039,CHEMBL291857,1,1,0.99999964
P49286,CHEMBL126005,1,1,0.99999964
P08913,CHEMBL647,1,1,0.99999964
P18825,CHEMBL597,1,1,0.99999964
P49286,CHEMBL94838,1,1,0.99999964
P49286,CHEMBL94607,1,1,0.99999964
P30939,CHEMBL103479,1,1,0.99999964
P49286,CHEMBL339784,1,1,0.99999964
P49286,CHEMBL287560,1,1,0.99999964
P43681,CHEMBL2179516,1,1,0.99999964
P18825,CHEMBL279436,1,1,0.99999964
P43681,CHEMBL3676954,1,1,0.99999964
Q8WXA8,CHEMBL348890,1,1,0.99999964
P30939,CHEMBL105118,1,1,0.99999964
P41595,CHEMBL301209,1,1,0.99999964
P41595,CHEMBL147656,1,1,0.99999964
Q9Y5Y9,CHEMBL1269990,1,1,0.99999964
P28222,CHEMBL420965,1,1,0.99999964
P50406,CHEMBL98237,1,1,0.99999964
P46098,CHEMBL302743,1,1,0.99999964
P34969,CHEMBL428892,1,1,0.99999964
P46098,CHEMBL56900,1,1,0.99999964
Q9Y5Y9,CHEMBL1270207,1,1,0.99999964
Q9Y5Y9,CHEMBL1270998,1,1,0.99999964
Q01118,CHEMBL5173050,1,1,0.99999964
O00206,CHEMBL501231,1,1,0.99999964
P34969,CHEMBL97518,1,1,0.99999964
P34969,CHEMBL93240,1,1,0.99999964
P28221,CHEMBL107772,1,1,0.99999964
O00206,CHEMBL387665,0,1,0.99999964
P34903,CHEMBL358519,1,1,0.99999964
P34903,CHEMBL4553352,1,1,0.99999964
P41595,CHEMBL54062,1,1,0.99999964
Q01118,CHEMBL5170090,1,1,0.99999964
Q8IWU9,CHEMBL5182871,1,1,0.99999964
P21918,CHEMBL184073,1,1,0.99999964
P28221,CHEMBL111302,1,1,0.99999964
P78334,CHEMBL59190,1,1,0.99999964
P21917,CHEMBL349833,1,1,0.99999964
P21917,CHEMBL314952,1,1,0.99999964
P49286,CHEMBL344449,1,1,0.99999964
P21917,CHEMBL28321,1,1,0.99999964
P49286,CHEMBL138012,1,1,0.99999964
A5X5Y0,CHEMBL43798,1,1,0.99999964
P49286,CHEMBL94745,1,1,0.9999995
A5X5Y0,CHEMBL13790,1,1,0.9999995
P30939,CHEMBL105091,1,1,0.9999995
P25103,CHEMBL102917,1,1,0.9999995
A5X5Y0,CHEMBL113118,1,1,0.9999995
P35368,CHEMBL101739,1,1,0.9999995
P25103,CHEMBL174526,1,1,0.9999995
A5X5Y0,CHEMBL136978,1,1,0.9999995
P30939,CHEMBL104968,1,1,0.9999995
P21728,CHEMBL62,1,1,0.9999995
P25103,CHEMBL310521,1,1,0.9999995
P08913,CHEMBL111496,1,1,0.9999995
P18089,CHEMBL123448,1,1,0.9999995
P41595,CHEMBL39,1,1,0.9999995
P08913,CHEMBL111554,1,1,0.9999995
P41595,CHEMBL55388,1,1,0.9999995
P34969,CHEMBL309750,1,1,0.9999995
Q01118,CHEMBL5203589,1,1,0.9999995
P43681,CHEMBL3676974,1,1,0.9999995
P30939,CHEMBL369391,1,1,0.9999995
P43681,CHEMBL3676990,1,1,0.9999995
P28335,CHEMBL55388,1,1,0.9999995
P31645,CHEMBL641,1,1,0.9999995
P08913,CHEMBL15245,1,1,0.9999995
O60391,CHEMBL297881,1,1,0.9999995
Q8WXA8,CHEMBL43798,1,1,0.9999995
P18825,CHEMBL91956,1,1,0.9999994
P25100,CHEMBL836,1,1,0.9999994
P43681,CHEMBL3676951,1,1,0.9999994
P28566,CHEMBL103479,1,1,0.9999994
P28222,CHEMBL113950,1,1,0.9999994
P28566,CHEMBL105261,1,1,0.9999994
P28221,CHEMBL106807,1,1,0.9999994
P28222,CHEMBL431866,1,1,0.9999994
P43681,CHEMBL3676959,1,1,0.9999994
Q8WXA8,CHEMBL113118,1,1,0.9999994
P43681,CHEMBL2179539,1,1,0.9999994
P08913,CHEMBL89685,1,1,0.9999994
P41595,CHEMBL57135,1,1,0.9999994
P35372,CHEMBL306463,1,1,0.9999994
Q9UN88,CHEMBL88709,1,1,0.9999994
P30939,CHEMBL263700,1,1,0.9999994
O60391,CHEMBL41691,1,1,0.9999994
P08913,CHEMBL268758,1,1,0.9999994
Q8WXA8,CHEMBL136978,1,1,0.9999994
P18825,CHEMBL96467,1,1,0.9999994
Q8IWU9,CHEMBL5396849,1,1,0.9999994
P48039,CHEMBL126005,1,1,0.9999993
P48039,CHEMBL331636,1,1,0.9999993
P25103,CHEMBL309087,1,1,0.9999993
P25103,CHEMBL287454,1,1,0.9999993
P31645,CHEMBL539050,1,1,0.9999993
P25103,CHEMBL413383,1,1,0.9999993
P28222,CHEMBL325359,1,1,0.9999993
Q8WXA8,CHEMBL13790,1,1,0.9999993
P49286,CHEMBL10878,1,1,0.9999993
P50406,CHEMBL274384,1,1,0.9999993
P21728,CHEMBL420788,1,1,0.9999993
P27338,CHEMBL350093,1,1,0.9999993
P28222,CHEMBL162858,1,1,0.9999993
Q9Y5Y9,CHEMBL1277958,1,1,0.9999993
Q8IWU9,CHEMBL5183966,1,1,0.9999993
P08913,CHEMBL111463,1,1,0.9999993
P18089,CHEMBL30534,1,1,0.9999993
P25103,CHEMBL176500,1,1,0.9999993
P21728,CHEMBL303012,1,1,0.9999993
P21917,CHEMBL64622,1,1,0.9999993
P30939,CHEMBL104953,1,1,0.9999993
P43681,CHEMBL3676973,1,1,0.99999917
P21917,CHEMBL108527,1,1,0.99999917
P34903,CHEMBL343471,1,1,0.99999917
P28221,CHEMBL422366,1,1,0.99999917
P28221,CHEMBL162722,1,1,0.99999917
Q8IWU9,CHEMBL5424818,1,1,0.99999917
P30939,CHEMBL102344,1,1,0.99999917
P08913,CHEMBL420060,1,1,0.99999917
P35372,CHEMBL416680,1,1,0.99999917
P48039,CHEMBL344449,1,1,0.99999917
P08913,CHEMBL836,1,1,0.99999917
P48039,CHEMBL138012,1,1,0.99999917
P43681,CHEMBL3676945,1,1,0.99999917
Q08462,CHEMBL4777571,1,1,0.99999917
O60391,CHEMBL291161,1,1,0.99999905
P25100,CHEMBL100878,1,1,0.99999905
P18089,CHEMBL30739,1,1,0.99999905
P48039,CHEMBL339784,1,1,0.99999905
O60391,CHEMBL41399,1,1,0.99999905
P35499,CHEMBL289425,1,1,0.99999905
P28221,CHEMBL162899,1,1,0.99999905
P34903,CHEMBL356161,1,1,0.99999905
P49286,CHEMBL124476,1,1,0.99999905
Q8IWU9,CHEMBL5434435,1,1,0.99999905
P43681,CHEMBL3676982,1,1,0.99999905
P46098,CHEMBL93919,1,1,0.99999905
Q99250,CHEMBL1278138,1,1,0.99999905
P21728,CHEMBL85689,1,1,0.99999905
P34903,CHEMBL147217,1,1,0.99999905
P28222,CHEMBL2112766,1,1,0.99999905
P46098,CHEMBL364005,1,1,0.99999905
P28221,CHEMBL430500,1,1,0.99999905
P21728,CHEMBL314459,1,1,0.99999905
P28222,CHEMBL116092,1,1,0.9999989
P25103,CHEMBL22870,1,1,0.9999989
Q8IWU9,CHEMBL5398162,1,1,0.9999989
P34969,CHEMBL42,1,1,0.9999989
Q8IWU9,CHEMBL5397485,1,1,0.9999988
P34903,CHEMBL146230,1,1,0.9999988
P34903,CHEMBL147590,1,1,0.9999988
Q8IWU9,CHEMBL5424626,1,1,0.9999988
P28221,CHEMBL20771,1,1,0.9999988
P48039,CHEMBL94838,1,1,0.9999988
P28222,CHEMBL331612,1,1,0.9999988
O60391,CHEMBL65954,1,1,0.9999988
P21728,CHEMBL588,1,1,0.9999988
P43681,CHEMBL3676975,1,1,0.9999988
P30939,CHEMBL105722,1,1,0.9999987
P30939,CHEMBL102292,1,1,0.9999987
P25103,CHEMBL56038,1,1,0.9999987
P18825,CHEMBL313160,1,1,0.9999987
Q8IWU9,CHEMBL5438521,1,1,0.9999987
Q9UN88,CHEMBL59190,1,1,0.9999987
P43681,CHEMBL3676952,1,1,0.9999987
P35368,CHEMBL836,1,1,0.9999987
P21917,CHEMBL64487,1,1,0.99999857
P34903,CHEMBL146086,1,1,0.99999857
P35372,CHEMBL610046,1,1,0.99999857
A5X5Y0,CHEMBL342690,1,1,0.99999857
P28222,CHEMBL108722,1,1,0.99999857
P49286,CHEMBL45,1,1,0.99999857
P21918,CHEMBL380464,1,1,0.99999857
P28222,CHEMBL116031,1,1,0.99999857
P28221,CHEMBL108645,1,1,0.99999845
A5X5Y0,CHEMBL41040,1,1,0.99999845
P28222,CHEMBL107772,1,1,0.99999845
P50406,CHEMBL98511,1,1,0.99999845
P35499,CHEMBL37316,1,1,0.99999845
P43681,CHEMBL3676983,1,1,0.99999845
P21728,CHEMBL307790,1,1,0.99999845
P41595,CHEMBL6616,1,1,0.99999845
Q8IWU9,CHEMBL5416684,1,1,0.99999845
P31645,CHEMBL543925,1,1,0.99999845
P21917,CHEMBL69584,1,1,0.99999845
Q8WXA8,CHEMBL342690,1,1,0.99999833
P28335,CHEMBL54265,1,1,0.99999833
P27338,CHEMBL161907,1,1,0.99999833
P48039,CHEMBL94745,1,1,0.99999833
P28222,CHEMBL111302,1,1,0.99999833
P35368,CHEMBL100878,1,1,0.9999982
P28222,CHEMBL325175,1,1,0.9999982
Q01118,CHEMBL5194066,1,1,0.9999982
A5X5Y0,CHEMBL42752,1,1,0.9999982
P48039,CHEMBL287560,1,1,0.9999982
Q08462,CHEMBL4744718,1,1,0.9999982
P08913,CHEMBL279436,1,1,0.9999982
P25103,CHEMBL420543,1,1,0.9999982
P21917,CHEMBL343657,1,1,0.9999981
P48039,CHEMBL10878,1,1,0.9999981
P21728,CHEMBL300647,1,1,0.9999981
P31645,CHEMBL544370,1,1,0.9999981
P08913,CHEMBL554019,1,1,0.999998
P08913,CHEMBL551711,1,1,0.999998
P08913,CHEMBL555190,1,1,0.999998
P48039,CHEMBL134416,1,1,0.999998
P08913,CHEMBL539824,1,1,0.999998
P08913,CHEMBL538808,1,1,0.999998
P18089,CHEMBL91022,1,1,0.999998
Q8IWU9,CHEMBL5413327,1,1,0.999998
Q8IWU9,CHEMBL5209431,1,1,0.999998
P08913,CHEMBL542527,1,1,0.999998
P08913,CHEMBL539606,1,1,0.999998
P41145,CHEMBL344342,1,1,0.999998
P08913,CHEMBL543232,1,1,0.999998
O00591,CHEMBL90399,1,1,0.999998
Q8WXA8,CHEMBL41040,1,1,0.99999785
P34903,CHEMBL356806,1,1,0.99999785
Q9Y5Y9,CHEMBL1271206,1,1,0.99999785
P28566,CHEMBL22744,1,1,0.99999774
P28566,CHEMBL21862,1,1,0.99999774
P34903,CHEMBL5280240,1,1,0.99999774
P28566,CHEMBL281575,1,1,0.99999774
P28566,CHEMBL22961,1,1,0.99999774
P28222,CHEMBL162805,1,1,0.99999774
P28566,CHEMBL17828,1,1,0.99999774
Q8N1C3,CHEMBL90399,1,1,0.99999774
P25103,CHEMBL405129,1,1,0.99999774
P48039,CHEMBL124476,1,1,0.99999774
P25103,CHEMBL407749,1,1,0.99999774
P28566,CHEMBL277452,1,1,0.99999774
P28222,CHEMBL106807,1,1,0.99999774
P25100,CHEMBL431631,1,1,0.9999976
P30939,CHEMBL322018,1,1,0.9999976
Q9Y5Y9,CHEMBL254497,1,1,0.9999976
P21728,CHEMBL716,0,1,0.9999976
Q99250,CHEMBL108727,1,1,0.9999976
P28221,CHEMBL65367,1,1,0.9999976
P34969,CHEMBL268921,1,1,0.9999976
P28221,CHEMBL321818,1,1,0.9999976
P21728,CHEMBL157138,1,1,0.9999976
P21917,CHEMBL12004,1,1,0.9999975
P43681,CHEMBL3676991,1,1,0.9999975
P28222,CHEMBL351311,1,1,0.9999975
P08913,CHEMBL597,1,1,0.9999975
P41595,CHEMBL300835,1,1,0.9999974
P48039,CHEMBL94607,1,1,0.9999974
P50406,CHEMBL7143,1,1,0.9999974
A5X5Y0,CHEMBL114444,1,1,0.9999974
P78334,CHEMBL90399,1,1,0.9999974
Q8IWU9,CHEMBL5437935,1,1,0.99999726
P21728,CHEMBL42,1,1,0.99999726
P27338,CHEMBL2094026,1,1,0.99999726
Q8WXA8,CHEMBL42752,1,1,0.99999726
Q8IWU9,CHEMBL5200474,1,1,0.99999726
P08913,CHEMBL91956,1,1,0.99999726
O00206,CHEMBL3261022,1,1,0.99999726
Q01118,CHEMBL3662190,1,1,0.99999726
P49286,CHEMBL124914,1,1,0.99999726
P18089,CHEMBL91550,1,1,0.99999714
P21918,CHEMBL365697,1,1,0.99999714
P50406,CHEMBL76466,1,1,0.99999714
P25100,CHEMBL318544,1,1,0.99999714
P31645,CHEMBL100941,1,1,0.99999714
P35372,CHEMBL63651,1,1,0.99999714
P08913,CHEMBL96467,1,1,0.99999714
P25103,CHEMBL173231,1,1,0.999997
A5X5Y0,CHEMBL320963,1,1,0.999997
P43681,CHEMBL3676985,1,1,0.9999968
Q9Y5Y9,CHEMBL1269882,1,1,0.9999968
Q8WXA8,CHEMBL114444,1,1,0.9999968
P34903,CHEMBL471977,1,1,0.99999666
P30939,CHEMBL105955,1,1,0.99999666
P34969,CHEMBL27251,1,1,0.99999666
P28335,CHEMBL53467,1,1,0.99999666
P34969,CHEMBL281048,1,1,0.99999666
P34969,CHEMBL460,1,1,0.99999666
Q8WXA8,CHEMBL320963,1,1,0.99999654
P25103,CHEMBL313297,1,1,0.99999654
P28222,CHEMBL323603,1,1,0.99999654
P08913,CHEMBL92221,1,1,0.99999654
Q8IWU9,CHEMBL5424846,1,1,0.9999964
P28222,CHEMBL348962,1,1,0.9999964
P34903,CHEMBL499814,1,1,0.9999963
Q8IWU9,CHEMBL5394253,1,1,0.9999962
P34969,CHEMBL154090,1,1,0.99999607
Q99250,CHEMBL108347,1,1,0.99999607
P34903,CHEMBL497197,1,1,0.99999595
Q8IWU9,CHEMBL5407430,1,1,0.99999595
P46098,CHEMBL558226,1,1,0.9999958
P21917,CHEMBL26677,1,1,0.9999958
P34969,CHEMBL553794,1,1,0.9999958
A5X5Y0,CHEMBL40567,1,1,0.9999958
P21918,CHEMBL201093,1,1,0.9999957
P28221,CHEMBL21369,1,1,0.9999957
P43681,CHEMBL2179956,1,1,0.9999957
P41145,CHEMBL343246,1,1,0.9999957
O00591,CHEMBL88721,1,1,0.9999957
P21728,CHEMBL86669,1,1,0.9999957
P28222,CHEMBL351346,1,1,0.9999956
A5X5Y0,CHEMBL131053,1,1,0.9999956
P35372,CHEMBL65259,1,1,0.9999956
P49286,CHEMBL96420,1,1,0.99999547
O00591,CHEMBL91186,1,1,0.99999547
P08913,CHEMBL326702,1,1,0.99999547
P28221,CHEMBL334259,1,1,0.99999547
P21728,CHEMBL419680,1,1,0.99999547
P50406,CHEMBL7257,1,1,0.99999535
P34969,CHEMBL433134,1,1,0.99999535
P28221,CHEMBL294547,1,1,0.99999535
Q08462,CHEMBL4784488,1,1,0.99999523
Q8N1C3,CHEMBL88721,1,1,0.99999523
P43681,CHEMBL3676965,1,1,0.99999523
P50406,CHEMBL277120,1,1,0.99999523
Q99250,CHEMBL1269990,1,1,0.9999951
Q8N1C3,CHEMBL91186,1,1,0.9999951
P30939,CHEMBL105025,1,1,0.9999951
P18825,CHEMBL88448,1,1,0.9999951
P21917,CHEMBL146557,1,1,0.9999951
P48039,CHEMBL45,1,1,0.9999951
P08913,CHEMBL108804,1,1,0.999995
P35372,CHEMBL303148,1,1,0.9999949
O60391,CHEMBL68831,1,1,0.9999949
P21728,CHEMBL317741,1,1,0.9999949
P18825,CHEMBL40650,1,1,0.9999949
Q8IWU9,CHEMBL5192356,1,1,0.99999475
Q01118,CHEMBL3965189,1,1,0.99999475
P25103,CHEMBL317209,1,1,0.99999464
P35368,CHEMBL318544,1,1,0.99999464
P21918,CHEMBL116463,1,1,0.9999945
P28222,CHEMBL20771,1,1,0.9999945
A5X5Y0,CHEMBL136090,1,1,0.9999945
P30939,CHEMBL104384,1,1,0.9999945
Q8WXA8,CHEMBL131053,1,1,0.9999945
P28221,CHEMBL159396,1,1,0.9999945
P78334,CHEMBL88721,1,1,0.9999944
P78334,CHEMBL91186,1,1,0.9999943
P21917,CHEMBL62829,1,1,0.9999943
P28222,CHEMBL163386,1,1,0.9999943
P28222,CHEMBL430500,1,1,0.9999943
P41595,CHEMBL149024,1,1,0.9999943
Q8IWU9,CHEMBL5435460,1,1,0.99999416
P08913,CHEMBL540594,1,1,0.99999416
P34969,CHEMBL13052,1,1,0.99999416
P34903,CHEMBL4228824,1,1,0.99999404
P31645,CHEMBL104673,1,1,0.99999404
P49286,CHEMBL131919,1,1,0.99999404
P28222,CHEMBL113994,1,1,0.99999404
P21728,CHEMBL85409,1,1,0.9999939
P34903,CHEMBL145970,1,1,0.9999939
P08913,CHEMBL313160,1,1,0.9999939
P35372,CHEMBL68342,1,1,0.9999939
P35372,CHEMBL302142,1,1,0.9999939
Q9UN88,CHEMBL90399,1,1,0.9999939
Q8WXA8,CHEMBL40567,1,1,0.9999938
P41595,CHEMBL26687,1,1,0.9999938
P41595,CHEMBL417753,1,1,0.9999938
P50406,CHEMBL13816,1,1,0.9999937
P18825,CHEMBL81485,1,1,0.9999937
P48039,CHEMBL124914,1,1,0.99999356
O00206,CHEMBL3261034,1,1,0.9999933
Q99250,CHEMBL1270207,1,1,0.9999933
P43681,CHEMBL3676968,1,1,0.9999933
P34969,CHEMBL274384,1,1,0.9999932
P28335,CHEMBL42,1,1,0.9999931
P18825,CHEMBL25554,1,1,0.99999297
Q8WXA8,CHEMBL136090,1,1,0.99999285
P35372,CHEMBL292332,1,1,0.99999285
Q08462,CHEMBL4761309,1,1,0.9999927
P35368,CHEMBL431631,1,1,0.9999927
P34969,CHEMBL479,1,1,0.9999926
P28221,CHEMBL115750,1,1,0.9999925
Q8IWU9,CHEMBL5204911,1,1,0.9999925
Q9Y5Y9,CHEMBL1271106,1,1,0.9999925
P08913,CHEMBL111771,1,1,0.9999924
P41595,CHEMBL76307,1,1,0.9999924
Q8IWU9,CHEMBL5408595,1,1,0.9999924
P30939,CHEMBL420101,1,1,0.99999225
O00591,CHEMBL88515,1,1,0.99999225
P41595,CHEMBL299498,1,1,0.9999919
P49286,CHEMBL127570,1,1,0.9999918
P30939,CHEMBL103550,1,1,0.99999166
P21728,CHEMBL1160787,1,1,0.99999166
P08913,CHEMBL110751,1,1,0.99999166
P21917,CHEMBL110349,1,1,0.99999166
P28335,CHEMBL76307,1,1,0.99999154
A5X5Y0,CHEMBL56564,1,1,0.9999914
Q8N1C3,CHEMBL88515,1,1,0.9999914
P43681,CHEMBL2179528,1,1,0.9999914
P35372,CHEMBL307973,1,1,0.9999913
P41595,CHEMBL147434,1,1,0.9999912
P21917,CHEMBL343466,1,1,0.9999912
P34969,CHEMBL81276,1,1,0.9999912
P49286,CHEMBL138228,1,1,0.99999106
A5X5Y0,CHEMBL13823,1,1,0.99999106
P49286,CHEMBL139439,1,1,0.99999106
P21918,CHEMBL62,1,1,0.99999106
Q9Y5Y9,CHEMBL486495,1,1,0.99999094
Q8IWU9,CHEMBL5403466,1,1,0.99999094
P21917,CHEMBL108637,1,1,0.99999094
P31645,CHEMBL336100,1,1,0.9999908
P27338,CHEMBL331650,1,1,0.9999907
P46098,CHEMBL116913,1,1,0.9999906
P25103,CHEMBL174038,1,1,0.9999906
P41595,CHEMBL80482,1,1,0.99999046
P30939,CHEMBL104026,1,1,0.99999046
P78334,CHEMBL88515,1,1,0.9999902
P28335,CHEMBL18785,1,1,0.9999901
P21917,CHEMBL88289,1,1,0.99999
P25103,CHEMBL314499,1,1,0.99999
P28222,CHEMBL163114,1,1,0.99998987
P30939,CHEMBL102182,1,1,0.99998975
A5X5Y0,CHEMBL289319,1,1,0.99998975
O00206,CHEMBL3261029,1,1,0.99998975
Q8WXA8,CHEMBL56564,1,1,0.9999896
P25100,CHEMBL145587,1,1,0.9999896
P21917,CHEMBL267562,1,1,0.9999894
P21918,CHEMBL201432,1,1,0.99998903
P49286,CHEMBL96548,1,1,0.9999889
A5X5Y0,CHEMBL289469,1,1,0.9999887
Q9Y5Y9,CHEMBL404621,1,1,0.99998856
P31645,CHEMBL316342,1,1,0.99998844
P46098,CHEMBL267615,1,1,0.99998844
P34903,CHEMBL149549,1,1,0.99998844
Q01118,CHEMBL5173502,1,1,0.9999882
P34903,CHEMBL522055,1,1,0.9999882
A5X5Y0,CHEMBL109813,1,1,0.9999882
A5X5Y0,CHEMBL335877,1,1,0.9999882
Q8WXA8,CHEMBL13823,1,1,0.9999882
P28221,CHEMBL105970,1,1,0.9999881
P50406,CHEMBL96317,1,1,0.9999881
Q9Y5Y9,CHEMBL482676,1,1,0.99998796
Q9Y5Y9,CHEMBL253660,1,1,0.99998796
P21728,CHEMBL315849,1,1,0.99998784
O00591,CHEMBL89215,1,1,0.9999876
P18089,CHEMBL284213,1,1,0.9999876
P25103,CHEMBL84873,1,1,0.9999875
Q99250,CHEMBL1277958,1,1,0.99998736
P43681,CHEMBL2179542,1,1,0.99998724
P21728,CHEMBL34095,1,1,0.99998724
P28221,CHEMBL325131,1,1,0.9999871
P21917,CHEMBL292943,1,1,0.999987
P28222,CHEMBL422366,1,1,0.9999869
P25100,CHEMBL145770,1,1,0.9999869
O60391,CHEMBL69967,1,1,0.99998677
P34969,CHEMBL95067,1,1,0.99998677
O60391,CHEMBL68881,1,1,0.99998677
O60391,CHEMBL70918,1,1,0.99998677
P41145,CHEMBL66265,1,1,0.99998665
P48039,CHEMBL96420,1,1,0.99998665
P35372,CHEMBL67289,1,1,0.99998665
P34969,CHEMBL8165,1,1,0.9999864
P50406,CHEMBL831,1,1,0.9999863
Q8N1C3,CHEMBL89215,1,1,0.99998605
P21728,CHEMBL86325,1,1,0.99998605
Q8WXA8,CHEMBL109813,1,1,0.99998605
Q9UN88,CHEMBL88721,1,1,0.99998605
Q8WXA8,CHEMBL289469,1,1,0.99998593
P49286,CHEMBL124488,1,1,0.9999857
P28222,CHEMBL161723,1,1,0.99998546
P49286,CHEMBL127596,1,1,0.99998546
P28222,CHEMBL117633,1,1,0.99998534
P28221,CHEMBL88893,1,1,0.9999852
P34969,CHEMBL92221,1,1,0.9999851
P28222,CHEMBL162722,1,1,0.999985
P50406,CHEMBL409160,1,1,0.999985
P28222,CHEMBL119785,1,1,0.99998486
Q9UN88,CHEMBL91186,1,1,0.99998474
Q8IWU9,CHEMBL5420586,1,1,0.9999846
Q8WXA8,CHEMBL289319,1,1,0.9999844
P46098,CHEMBL27846,1,1,0.99998415
P46098,CHEMBL18041,1,1,0.99998415
P46098,CHEMBL28992,1,1,0.99998415
Q8WXA8,CHEMBL335877,1,1,0.999984
P78334,CHEMBL89215,1,1,0.999984
P30939,CHEMBL105850,1,1,0.9999839
P49286,CHEMBL445840,1,1,0.9999838
P28222,CHEMBL163462,1,1,0.99998367
Q8IWU9,CHEMBL5424419,1,1,0.9999833
P28221,CHEMBL282693,1,1,0.9999831
P35372,CHEMBL302801,1,1,0.9999831
P21917,CHEMBL345438,1,1,0.9999831
Q9Y5Y9,CHEMBL1271105,1,1,0.99998295
P28222,CHEMBL162899,1,1,0.99998283
P35368,CHEMBL145587,1,1,0.9999827
P28222,CHEMBL321818,1,1,0.9999826
O00591,CHEMBL89834,1,1,0.9999825
P28222,CHEMBL119668,1,1,0.99998236
O60391,CHEMBL130213,1,1,0.99998224
Q8IWU9,CHEMBL5183005,1,1,0.9999821
P18089,CHEMBL72441,1,1,0.9999821
P21917,CHEMBL351612,1,1,0.9999821
P21918,CHEMBL326263,1,1,0.9999819
P34903,CHEMBL509197,1,1,0.99998176
P21917,CHEMBL109299,1,1,0.99998176
P34969,CHEMBL12427,1,1,0.9999814
Q8IWU9,CHEMBL5172715,0,1,0.9999813
P21728,CHEMBL293158,1,1,0.99998116
P21728,CHEMBL303993,1,1,0.99998116
P48039,CHEMBL127570,1,1,0.99998105
Q8IWU9,CHEMBL5420292,1,1,0.9999809
Q9Y5Y9,CHEMBL1277513,1,1,0.9999809
P41595,CHEMBL80862,1,1,0.9999808
Q9Y5Y9,CHEMBL252038,1,1,0.9999807
P31645,CHEMBL173594,1,1,0.99998057
P31645,CHEMBL435341,1,1,0.99998057
P25100,CHEMBL40650,1,1,0.99998045
Q8N1C3,CHEMBL89834,1,1,0.99998033
P18825,CHEMBL134,1,1,0.99998033
P48039,CHEMBL139439,1,1,0.9999795
P48039,CHEMBL138228,1,1,0.9999795
P35372,CHEMBL108894,1,1,0.9999794
P28221,CHEMBL63799,1,1,0.9999794
P28222,CHEMBL108645,1,1,0.99997926
P18089,CHEMBL313953,1,1,0.9999788
O00206,CHEMBL3261031,1,1,0.99997854
P21917,CHEMBL354699,1,1,0.9999784
P21918,CHEMBL184050,1,1,0.9999784
P43681,CHEMBL2179524,1,1,0.9999784
Q8IWU9,CHEMBL5190719,1,1,0.9999783
P28335,CHEMBL80862,1,1,0.9999783
P48039,CHEMBL131919,1,1,0.9999783
P78334,CHEMBL89834,1,1,0.9999782
P49286,CHEMBL136531,1,1,0.99997807
P49286,CHEMBL341705,1,1,0.99997807
P31645,CHEMBL133070,1,1,0.99997807
P25100,CHEMBL141322,1,1,0.99997795
P27338,CHEMBL16530,1,1,0.99997795
P08913,CHEMBL88448,1,1,0.99997795
P35368,CHEMBL145770,1,1,0.99997795
O00591,CHEMBL88114,1,1,0.9999778
P21917,CHEMBL159742,1,1,0.9999777
Q9UN88,CHEMBL88515,1,1,0.99997723
Q8N1C3,CHEMBL88114,1,1,0.99997723
P25103,CHEMBL63109,1,1,0.999977
Q9Y5Y9,CHEMBL1271205,1,1,0.9999769
A5X5Y0,CHEMBL41853,1,1,0.99997675
P43681,CHEMBL3676948,1,1,0.99997663
P27338,CHEMBL1255743,1,1,0.9999765
P27338,CHEMBL542118,1,1,0.9999765
P21728,CHEMBL24077,1,1,0.9999765
A5X5Y0,CHEMBL337213,1,1,0.9999764
P21918,CHEMBL42,1,1,0.9999764
P46098,CHEMBL34291,1,1,0.9999763
P35372,CHEMBL63563,1,1,0.9999759
P08913,CHEMBL109783,1,1,0.99997556
P25100,CHEMBL144731,1,1,0.99997544
P28222,CHEMBL163127,1,1,0.9999753
P35499,CHEMBL287833,1,1,0.9999751
P34969,CHEMBL69257,1,1,0.9999746
P08913,CHEMBL40650,1,1,0.9999745
Q8IWU9,CHEMBL5183282,1,1,0.99997425
Q9Y5Y9,CHEMBL1269991,1,1,0.99997425
P46098,CHEMBL56564,1,1,0.999974
O60391,CHEMBL295995,1,1,0.99997354
P28222,CHEMBL164035,1,1,0.9999734
Q9Y5Y9,CHEMBL400262,1,1,0.9999733
P31645,CHEMBL623,1,1,0.9999732
P28221,CHEMBL92207,1,1,0.9999732
P28221,CHEMBL91534,1,1,0.9999732
P43681,CHEMBL3319405,1,1,0.9999732
Q9Y5Y9,CHEMBL1631097,0,1,0.9999728
A5X5Y0,CHEMBL414174,1,1,0.99997246
P30939,CHEMBL105743,1,1,0.99997246
P28335,CHEMBL87458,1,1,0.99997234
P78334,CHEMBL88114,1,1,0.9999722
P18825,CHEMBL284470,1,1,0.9999722
Q9Y5Y9,CHEMBL252437,1,1,0.99997187
O00206,CHEMBL224563,1,1,0.99997175
P27338,CHEMBL2093957,1,1,0.9999716
Q9Y5Y9,CHEMBL1270899,1,1,0.9999716
P27338,CHEMBL2094027,1,1,0.9999716
P50406,CHEMBL433461,1,1,0.9999715
P25100,CHEMBL41844,0,1,0.9999713
P08913,CHEMBL81485,1,1,0.99997115
P28222,CHEMBL296161,1,1,0.9999709
P43681,CHEMBL3676953,1,1,0.9999708
P28335,CHEMBL353998,1,1,0.99997056
Q8WXA8,CHEMBL337213,1,1,0.9999703
P35372,CHEMBL108904,1,1,0.99996996
P31645,CHEMBL539564,1,1,0.999969
P31645,CHEMBL311347,1,1,0.9999689
P31645,CHEMBL300226,1,1,0.9999689
Q8WXA8,CHEMBL41853,1,1,0.99996877
P41145,CHEMBL144483,1,1,0.99996877
O00206,CHEMBL3261030,1,1,0.9999683
P25103,CHEMBL23129,1,1,0.99996793
P43681,CHEMBL3676976,1,1,0.9999678
O00591,CHEMBL313887,1,1,0.99996746
P25103,CHEMBL367034,1,1,0.9999671
P48039,CHEMBL124488,1,1,0.99996686
P48039,CHEMBL96548,1,1,0.99996686
P08913,CHEMBL25554,1,1,0.99996674
Q08462,CHEMBL4744648,1,1,0.9999666
A5X5Y0,CHEMBL116622,1,1,0.9999666
P43681,CHEMBL2179548,1,1,0.9999665
P48039,CHEMBL127596,1,1,0.9999664
P43681,CHEMBL3676943,1,1,0.99996626
P31645,CHEMBL107077,1,1,0.99996614
P21917,CHEMBL64671,1,1,0.9999658
P43681,CHEMBL3676984,1,1,0.9999658
Q01118,CHEMBL3896057,1,1,0.9999654
P28222,CHEMBL21369,1,1,0.9999651
P21917,CHEMBL320114,1,1,0.99996495
P28221,CHEMBL20791,1,1,0.99996495
P30939,CHEMBL320198,1,1,0.99996483
Q9UN88,CHEMBL89215,1,1,0.9999645
Q9Y5Y9,CHEMBL1270301,1,1,0.9999645
P30939,CHEMBL321562,1,1,0.99996436
P35368,CHEMBL40650,1,1,0.99996436
P35368,CHEMBL141322,1,1,0.99996424
P31645,CHEMBL544216,1,1,0.999964
P21918,CHEMBL201584,1,1,0.9999639
P43681,CHEMBL3676944,1,1,0.99996376
P34903,CHEMBL147379,1,1,0.9999634
P41595,CHEMBL316527,1,1,0.9999634
P43681,CHEMBL2179971,1,1,0.9999633
Q8N1C3,CHEMBL313887,1,1,0.99996305
O00591,CHEMBL89407,1,1,0.9999629
P25100,CHEMBL359421,1,1,0.9999629
P41595,CHEMBL276140,1,1,0.9999627
P48039,CHEMBL445840,1,1,0.99996257
O60391,CHEMBL41291,1,1,0.9999622
Q8WXA8,CHEMBL414174,1,1,0.9999621
P21918,CHEMBL1204122,1,1,0.999962
A5X5Y0,CHEMBL336522,1,1,0.9999615
P34969,CHEMBL281923,1,1,0.99996126
P34969,CHEMBL281924,1,1,0.99996126
P28221,CHEMBL63432,1,1,0.99996066
P43681,CHEMBL3676981,1,1,0.9999598
P28222,CHEMBL352123,1,1,0.99995935
P31645,CHEMBL67024,1,1,0.99995923
P34903,CHEMBL5290464,1,1,0.9999589
Q8IWU9,CHEMBL5430684,1,1,0.9999584
Q8N1C3,CHEMBL89407,1,1,0.9999583
P78334,CHEMBL313887,1,1,0.99995804
P49286,CHEMBL123612,1,1,0.99995756
P34969,CHEMBL277120,1,1,0.99995756
P25100,CHEMBL299539,1,1,0.99995756
Q08462,CHEMBL4751732,1,1,0.99995744
P28222,CHEMBL65367,1,1,0.99995697
P35368,CHEMBL144731,1,1,0.9999565
P18825,CHEMBL88388,1,1,0.99995613
Q9UN88,CHEMBL89834,1,1,0.9999558
P41145,CHEMBL131328,1,1,0.99995565
P31645,CHEMBL87031,1,1,0.99995494
P78334,CHEMBL89407,1,1,0.9999546
Q8WXA8,CHEMBL336522,1,1,0.9999546
P18825,CHEMBL122404,1,1,0.99995446
Q9Y5Y9,CHEMBL400260,1,1,0.9999535
P25100,CHEMBL142981,1,1,0.9999534
P21728,CHEMBL293828,1,1,0.99995315
P25100,CHEMBL142606,0,1,0.9999529
P34969,CHEMBL1113,1,1,0.9999529
P43681,CHEMBL2179534,1,1,0.99995255
Q01118,CHEMBL3707218,1,1,0.9999522
P50406,CHEMBL302845,1,1,0.9999522
P35368,CHEMBL41844,1,1,0.9999521
P25100,CHEMBL433832,1,1,0.99995184
P25100,CHEMBL262002,1,1,0.99995184
P28222,CHEMBL105970,1,1,0.9999505
Q8WXA8,CHEMBL116622,1,1,0.9999504
P21728,CHEMBL84983,1,1,0.9999503
P43681,CHEMBL3676988,1,1,0.99994934
P18089,CHEMBL123349,1,1,0.99994934
P08913,CHEMBL41,1,1,0.9999492
P28222,CHEMBL274001,1,1,0.99994826
P28566,CHEMBL267615,1,1,0.9999478
P48039,CHEMBL341705,1,1,0.99994767
P48039,CHEMBL136531,1,1,0.99994767
P18825,CHEMBL284103,1,1,0.9999474
P34903,CHEMBL1783282,1,1,0.9999473
A5X5Y0,CHEMBL111583,1,1,0.9999472
P18089,CHEMBL89685,1,1,0.99994683
Q08462,CHEMBL4786932,1,1,0.99994683
P41145,CHEMBL148117,1,1,0.9999467
P25100,CHEMBL144534,1,1,0.9999465
P34903,CHEMBL453066,1,1,0.99994636
P35367,CHEMBL90,1,1,0.9999459
P21918,CHEMBL184049,1,1,0.99994576
Q8IWU9,CHEMBL5395489,1,1,0.99994576
P49286,CHEMBL336024,1,1,0.99994564
P31645,CHEMBL295467,1,1,0.9999455
O00591,CHEMBL92697,1,1,0.99994504
P41595,CHEMBL319415,1,1,0.9999448
P43681,CHEMBL3676969,1,1,0.9999447
Q99250,CHEMBL1269882,1,1,0.99994445
P27338,CHEMBL341071,1,1,0.99994445
P08913,CHEMBL109848,1,1,0.9999442
P28221,CHEMBL324931,1,1,0.9999441
O60391,CHEMBL42466,1,1,0.9999428
P21917,CHEMBL49231,1,1,0.9999424
P25100,CHEMBL145278,1,1,0.9999423
P21728,CHEMBL82899,1,1,0.99994206
P41595,CHEMBL309760,1,1,0.9999411
A5X5Y0,CHEMBL108799,1,1,0.9999411
P35368,CHEMBL359421,1,1,0.9999398
Q8IWU9,CHEMBL5413997,1,1,0.9999397
P43681,CHEMBL3676971,1,1,0.9999391
Q8N1C3,CHEMBL92697,1,1,0.9999387
P34969,CHEMBL428494,1,1,0.9999386
P21728,CHEMBL321042,1,1,0.99993837
Q8WXA8,CHEMBL111583,1,1,0.99993765
P25100,CHEMBL95565,1,1,0.99993753
P21917,CHEMBL96462,1,1,0.9999372
P28222,CHEMBL159396,1,1,0.9999366
P21917,CHEMBL555670,1,1,0.9999362
P28335,CHEMBL309760,1,1,0.9999356
P41595,CHEMBL59266,1,1,0.9999355
P21917,CHEMBL106660,1,1,0.9999354
P30939,CHEMBL105478,1,1,0.99993455
P78334,CHEMBL92697,1,1,0.9999324
Q9Y5Y9,CHEMBL1631102,1,1,0.99993193
P21917,CHEMBL12375,1,1,0.999931
P21728,CHEMBL87734,1,1,0.99993026
P41595,CHEMBL52783,1,1,0.99993026
P18825,CHEMBL327775,1,1,0.99993014
P34903,CHEMBL407,1,1,0.9999293
P34969,CHEMBL152292,1,1,0.99992895
P34969,CHEMBL13816,1,1,0.9999269
P34903,CHEMBL146317,1,1,0.9999269
Q8WXA8,CHEMBL108799,1,1,0.9999268
P30939,CHEMBL104946,1,1,0.99992657
P25100,CHEMBL145411,1,1,0.999925
P31645,CHEMBL539054,1,1,0.9999242
P21728,CHEMBL420604,1,1,0.9999236
O00591,CHEMBL91097,1,1,0.9999232
P28335,CHEMBL52783,1,1,0.9999229
P25100,CHEMBL141604,1,1,0.9999219
P41145,CHEMBL149668,1,1,0.99992144
Q9UN88,CHEMBL89407,1,1,0.99992144
P35368,CHEMBL142981,1,1,0.9999212
P35368,CHEMBL142606,1,1,0.99992085
P35368,CHEMBL299539,1,1,0.9999205
Q9UN88,CHEMBL88114,1,1,0.9999199
P35368,CHEMBL262002,1,1,0.9999198
P21917,CHEMBL439646,1,1,0.9999198
P35368,CHEMBL433832,1,1,0.9999198
P21728,CHEMBL315750,1,1,0.9999198
P08913,CHEMBL317912,1,1,0.99991846
P25100,CHEMBL13647,1,1,0.99991834
P31645,CHEMBL545557,1,1,0.99991786
P34969,CHEMBL12702,1,1,0.9999157
P28566,CHEMBL39,1,1,0.9999151
P46098,CHEMBL42,1,1,0.9999149
Q9Y5Y9,CHEMBL1271417,1,1,0.99991465
P35368,CHEMBL144534,1,1,0.9999143
P28335,CHEMBL42024,1,1,0.99991417
P25100,CHEMBL50490,1,1,0.9999138
Q8N1C3,CHEMBL91097,1,1,0.9999137
P50406,CHEMBL46071,1,1,0.999913
P27338,CHEMBL121432,1,1,0.99991274
P50406,CHEMBL7228,1,1,0.9999125
P28221,CHEMBL115415,1,1,0.9999118
P21917,CHEMBL356542,1,1,0.9999114
Q08462,CHEMBL4745593,1,1,0.9999107
P25103,CHEMBL322885,1,1,0.99991035
P28222,CHEMBL115750,1,1,0.999908
P35368,CHEMBL145278,1,1,0.9999068
P30939,CHEMBL318110,1,1,0.99990594
P28222,CHEMBL325131,1,1,0.99990356
Q8IWU9,CHEMBL5434335,1,1,0.9999032
P31645,CHEMBL151894,1,1,0.9999032
P78334,CHEMBL91097,1,1,0.99990237
P48039,CHEMBL123612,1,1,0.9999021
P28221,CHEMBL20963,1,1,0.9999019
P34903,CHEMBL58757,1,1,0.9999008
Q8IWU9,CHEMBL5394249,1,1,0.9999007
P35372,CHEMBL67326,1,1,0.99990046
P31645,CHEMBL542501,1,1,0.9999
Q9Y5Y9,CHEMBL252240,1,1,0.99989986
P21728,CHEMBL87897,1,1,0.99989974
Q9UN88,CHEMBL313887,1,1,0.99989974
P34903,CHEMBL5266498,1,1,0.9998994
P50406,CHEMBL291618,1,1,0.99989927
P34969,CHEMBL1255588,1,1,0.9998981
P18825,CHEMBL313189,1,1,0.99989676
P18089,CHEMBL279436,1,1,0.99989665
Q9Y5Y9,CHEMBL1270797,1,1,0.99989605
P18089,CHEMBL286246,1,1,0.99989605
P43681,CHEMBL3676964,1,1,0.99989367
P41145,CHEMBL343661,1,1,0.9998925
P41145,CHEMBL343858,1,1,0.9998925
P28222,CHEMBL282693,1,1,0.99989235
P28222,CHEMBL334259,1,1,0.9998903
P21917,CHEMBL352207,1,1,0.9998901
P21917,CHEMBL315864,1,1,0.99988854
P21917,CHEMBL92121,1,1,0.9998878
P35368,CHEMBL95565,1,1,0.99988127
P30939,CHEMBL318105,1,1,0.99987996
O60391,CHEMBL69219,1,1,0.99987984
Q8IWU9,CHEMBL5178857,1,1,0.9998795
P41145,CHEMBL147275,1,1,0.99987817
P21918,CHEMBL1202298,1,1,0.9998777
A5X5Y0,CHEMBL111448,1,1,0.99987733
P35368,CHEMBL141604,1,1,0.99987686
P30939,CHEMBL432713,1,1,0.9998759
P43681,CHEMBL3676950,1,1,0.9998754
P08913,CHEMBL284470,1,1,0.9998753
P35499,CHEMBL405821,1,1,0.9998747
P48039,CHEMBL336024,1,1,0.9998734
O00591,CHEMBL90791,1,1,0.9998727
P35368,CHEMBL145411,1,1,0.9998727
Q9Y5Y9,CHEMBL205412,1,1,0.9998721
P21728,CHEMBL313304,1,1,0.99986863
P43681,CHEMBL1210703,1,1,0.9998685
P41595,CHEMBL148463,1,1,0.9998678
P30939,CHEMBL103503,1,1,0.99986625
P21917,CHEMBL64119,1,1,0.9998661
P31645,CHEMBL637,1,1,0.9998661
P31645,CHEMBL556025,1,1,0.9998634
Q9UN88,CHEMBL92697,1,1,0.9998629
P30939,CHEMBL2110300,1,1,0.999859
P34903,CHEMBL454606,1,1,0.99985695
P50406,CHEMBL62594,1,1,0.9998561
P18825,CHEMBL312871,1,1,0.9998543
Q8N1C3,CHEMBL90791,1,1,0.99985397
P50406,CHEMBL1423,1,1,0.99985325
P50406,CHEMBL329329,1,1,0.99985206
P35372,CHEMBL279638,1,1,0.9998516
P34969,CHEMBL567,1,1,0.99985147
Q01118,CHEMBL5182301,1,1,0.9998456
Q8WXA8,CHEMBL111448,1,1,0.99984443
P35368,CHEMBL50490,1,1,0.9998437
P21917,CHEMBL327245,1,1,0.99984217
P21918,CHEMBL201525,1,1,0.9998399
P78334,CHEMBL90791,1,1,0.99983954
P34903,CHEMBL1270841,1,1,0.9998394
P08913,CHEMBL168168,1,1,0.9998363
P43681,CHEMBL3676972,1,1,0.9998357
P28566,CHEMBL432713,1,1,0.9998343
P34969,CHEMBL516,1,1,0.9998338
P28222,CHEMBL20791,1,1,0.99983084
P08913,CHEMBL88388,1,1,0.9998307
A5X5Y0,CHEMBL128275,1,1,0.9998264
Q9Y5Y9,CHEMBL254918,1,1,0.99982566
P08913,CHEMBL353972,1,1,0.9998203
P35372,CHEMBL304214,1,1,0.99981993
P25100,CHEMBL415887,1,1,0.99981886
P46098,CHEMBL1204203,1,1,0.9998184
P41145,CHEMBL146413,1,1,0.99981827
P21728,CHEMBL420972,1,1,0.9998123
Q8IWU9,CHEMBL5208772,1,1,0.9998105
P25100,CHEMBL295304,1,1,0.99980754
P41145,CHEMBL146612,1,1,0.9998072
P21917,CHEMBL351989,1,1,0.999806
P35372,CHEMBL269483,1,1,0.9998055
P41145,CHEMBL148219,1,1,0.99980456
P21917,CHEMBL298763,1,1,0.99980396
P30939,CHEMBL102335,1,1,0.9998004
P21917,CHEMBL446892,1,1,0.9998
P25103,CHEMBL102332,0,1,0.9997969
P35372,CHEMBL340476,1,1,0.9997913
P28222,CHEMBL161176,1,1,0.99978644
P25100,CHEMBL436407,1,1,0.99978584
P34969,CHEMBL422146,1,1,0.99978477
Q9Y5Y9,CHEMBL400642,1,1,0.99978465
P50406,CHEMBL97492,1,1,0.99978405
P41145,CHEMBL344541,1,1,0.9997836
P41145,CHEMBL146519,1,1,0.99978286
P34903,CHEMBL471978,1,1,0.99978226
P34903,CHEMBL5290579,1,1,0.9997813
P35368,CHEMBL13647,1,1,0.99977976
P21918,CHEMBL418854,1,1,0.99977916
Q9UN88,CHEMBL91097,1,1,0.9997787
P50406,CHEMBL32029,1,1,0.99977523
P34969,CHEMBL25924,1,1,0.9997751
P18089,CHEMBL31410,1,1,0.99977463
P18089,CHEMBL10347,1,1,0.99977463
P18089,CHEMBL15245,1,1,0.99977463
P08913,CHEMBL284103,1,1,0.9997688
P41145,CHEMBL148083,1,1,0.9997645
P41145,CHEMBL147651,1,1,0.9997645
P21728,CHEMBL86576,1,1,0.9997639
A5X5Y0,CHEMBL277120,1,1,0.99976045
Q8WXA8,CHEMBL128275,1,1,0.9997582
P43681,CHEMBL2179967,1,1,0.99975437
P35372,CHEMBL303875,1,1,0.99975044
P21917,CHEMBL323997,1,1,0.9997502
P18089,CHEMBL96467,1,1,0.9997496
P17342,CHEMBL304191,1,1,0.9997465
P28221,CHEMBL282229,1,1,0.99973994
P25100,CHEMBL95398,1,1,0.99973327
P34903,CHEMBL6597,1,1,0.99972886
P21728,CHEMBL302393,1,1,0.99972755
P34903,CHEMBL1270038,1,1,0.99972445
Q99250,CHEMBL1269991,1,1,0.9997243
Q8IWU9,CHEMBL5423163,1,1,0.999724
Q8WXA8,CHEMBL277120,1,1,0.99972004
P41595,CHEMBL148091,1,1,0.9997118
P35368,CHEMBL415887,1,1,0.999706
O60391,CHEMBL66626,1,1,0.9997043
P41145,CHEMBL339552,1,1,0.99970067
Q9UN88,CHEMBL90791,1,1,0.9996985
P30939,CHEMBL103424,1,1,0.9996928
O60391,CHEMBL50267,1,1,0.9996923
P35368,CHEMBL295304,1,1,0.9996898
P28335,CHEMBL18786,1,1,0.99968565
P28221,CHEMBL277467,1,1,0.999684
P41145,CHEMBL146884,1,1,0.9996836
P21917,CHEMBL147731,1,1,0.9996792
P34969,CHEMBL7143,0,1,0.99967897
P21917,CHEMBL310310,1,1,0.9996731
P31645,CHEMBL370805,1,1,0.99967253
Q8IWU9,CHEMBL5183954,1,1,0.9996655
P08913,CHEMBL327775,1,1,0.9996625
P35368,CHEMBL436407,1,1,0.9996604
P49789,CHEMBL5092878,0,1,0.99966025
P43681,CHEMBL2179966,1,1,0.99964845
P50406,CHEMBL7318,1,1,0.99964094
P25103,CHEMBL124066,1,1,0.99963725
P21917,CHEMBL92713,1,1,0.9996363
P28221,CHEMBL21790,1,1,0.9996326
P25103,CHEMBL82278,0,1,0.9996295
P34903,CHEMBL5290746,1,1,0.9996233
P35499,CHEMBL289421,1,1,0.9996197
P46098,CHEMBL418854,1,1,0.9996153
O60391,CHEMBL275528,1,1,0.9996105
Q8IWU9,CHEMBL5208692,0,1,0.999605
P34903,CHEMBL45198,1,1,0.9996045
P18089,CHEMBL91956,1,1,0.99959046
P21728,CHEMBL64117,1,1,0.999589
P34969,CHEMBL7257,1,1,0.9995832
P34903,CHEMBL1080588,1,1,0.99958163
P50406,CHEMBL64715,1,1,0.99957937
P50406,CHEMBL61318,1,1,0.9995757
P21918,CHEMBL328866,0,1,0.999572
P21918,CHEMBL187367,1,1,0.99956876
P46098,CHEMBL66918,1,1,0.9995639
P49789,CHEMBL5075611,1,1,0.9995592
P30939,CHEMBL321133,1,1,0.99954647
P21917,CHEMBL68191,1,1,0.9995454
Q99250,CHEMBL1277513,0,1,0.99953485
P27338,CHEMBL545413,1,1,0.99951816
P18089,CHEMBL313160,1,1,0.9995122
P41595,CHEMBL56557,1,1,0.9995074
P21728,CHEMBL431220,1,1,0.9995012
P18089,CHEMBL420060,1,1,0.9995003
P31645,CHEMBL147071,1,1,0.9994931
P27338,CHEMBL51601,1,1,0.99948895
P30939,CHEMBL104158,1,1,0.9994874
P08913,CHEMBL313189,1,1,0.9994869
Q99250,CHEMBL482676,1,1,0.9994849
A5X5Y0,CHEMBL278509,1,1,0.99947995
P08913,CHEMBL134,1,1,0.999474
P34903,CHEMBL4537371,1,1,0.99947387
P34969,CHEMBL1112,1,1,0.99947315
P31645,CHEMBL809,1,1,0.9994615
P30939,CHEMBL101690,1,1,0.9994567
P21918,CHEMBL381936,1,1,0.9994491
P25100,CHEMBL145353,1,1,0.999446
P08913,CHEMBL312871,1,1,0.9994386
A5X5Y0,CHEMBL128567,1,1,0.9994342
P28222,CHEMBL20963,1,1,0.9994273
Q8WXA8,CHEMBL278509,1,1,0.9994173
Q9Y5Y9,CHEMBL251241,1,1,0.9993992
P25103,CHEMBL65496,1,1,0.9993907
P17342,CHEMBL294262,1,1,0.99936014
Q99250,CHEMBL486495,1,1,0.9993563
P25100,CHEMBL44294,1,1,0.99933714
P28222,CHEMBL161970,1,1,0.999331
A5X5Y0,CHEMBL45773,1,1,0.9993272
P21728,CHEMBL87172,1,1,0.99932706
Q99250,CHEMBL510722,1,1,0.9993267
P21728,CHEMBL87958,1,1,0.99932253
P25100,CHEMBL357131,1,1,0.99929285
Q08462,CHEMBL4779970,1,1,0.99928194
P18089,CHEMBL555190,1,1,0.99927086
P18089,CHEMBL538808,1,1,0.99927086
P18089,CHEMBL539824,1,1,0.99927086
P18089,CHEMBL542527,1,1,0.99927086
P18089,CHEMBL543232,1,1,0.99927086
P18089,CHEMBL539606,1,1,0.99927086
P18089,CHEMBL554019,1,1,0.99927086
P18089,CHEMBL551711,1,1,0.99927086
P34969,CHEMBL443757,1,1,0.99926776
P18089,CHEMBL88448,1,1,0.9992606
O60391,CHEMBL155265,1,1,0.9992518
Q8IWU9,CHEMBL1736726,1,1,0.999241
P41145,CHEMBL108894,1,1,0.99922967
P18825,CHEMBL419448,1,1,0.9992255
Q8WXA8,CHEMBL45773,1,1,0.9992238
A5X5Y0,CHEMBL81485,1,1,0.99922335
P21917,CHEMBL67750,1,1,0.99920183
P35368,CHEMBL95398,1,1,0.9991849
Q8WXA8,CHEMBL128567,1,1,0.9991757
P18825,CHEMBL553276,1,1,0.9991565
Q08462,CHEMBL4764988,1,1,0.9991498
P27338,CHEMBL299655,1,1,0.9991447
P21918,CHEMBL204065,1,1,0.9991399
O60391,CHEMBL126035,1,1,0.9991239
P34969,CHEMBL330353,1,1,0.9991185
P18089,CHEMBL540542,1,1,0.9990988
Q99250,CHEMBL1270301,1,1,0.9990977
P50406,CHEMBL316855,1,1,0.99907875
P49286,CHEMBL314512,1,1,0.99905914
P21728,CHEMBL2115213,1,1,0.9990079
P21728,CHEMBL2114209,1,1,0.9990079
Q8WXA8,CHEMBL81485,1,1,0.9990061
Q9Y5Y9,CHEMBL521211,1,1,0.99896765
P46098,CHEMBL292066,1,1,0.9989556
P25100,CHEMBL357842,1,1,0.9989324
P50406,CHEMBL317535,1,1,0.9989214
P18825,CHEMBL3392247,1,1,0.99891746
P21728,CHEMBL1125,1,1,0.9989042
P34903,CHEMBL5275690,1,1,0.9988757
P31645,CHEMBL146735,1,1,0.9988696
P18825,CHEMBL70692,1,1,0.998833
P34903,CHEMBL52030,1,1,0.9988047
P28222,CHEMBL282229,1,1,0.99876654
Q9Y5Y9,CHEMBL403809,1,1,0.9987664
P25103,CHEMBL341365,1,1,0.99876356
P28222,CHEMBL324931,1,1,0.9987576
P21918,CHEMBL282116,1,1,0.99874216
P21917,CHEMBL351963,1,1,0.9987387
P35368,CHEMBL357131,1,1,0.9987331
P21918,CHEMBL382010,1,1,0.99872464
P25100,CHEMBL357828,1,1,0.9986965
P08913,CHEMBL61006,1,1,0.9986589
P35368,CHEMBL145353,1,1,0.9986297
Q99250,CHEMBL1271417,0,1,0.99862874
P21728,CHEMBL715,1,1,0.9986191
P35499,CHEMBL149832,1,1,0.9986003
P27338,CHEMBL500093,1,1,0.99858606
Q08462,CHEMBL4750740,1,1,0.99857676
P25100,CHEMBL145746,1,1,0.99857545
P41595,CHEMBL31115,1,1,0.9985688
P41145,CHEMBL345513,1,1,0.9985607
P21728,CHEMBL440512,1,1,0.99854124
P21728,CHEMBL315005,1,1,0.9985172
Q08462,CHEMBL4740707,1,1,0.99851173
P34903,CHEMBL505768,1,1,0.99847263
Q9Y5Y9,CHEMBL1631093,1,1,0.9984654
P35368,CHEMBL44294,1,1,0.9984479
P18089,CHEMBL88388,1,1,0.99844414
P21917,CHEMBL315879,1,1,0.99842036
P21917,CHEMBL306672,1,1,0.9984112
P50406,CHEMBL76237,1,1,0.9984006
P50406,CHEMBL304039,1,1,0.9983277
P35372,CHEMBL110126,1,1,0.9983065
O60391,CHEMBL70615,1,1,0.99825937
P21728,CHEMBL100454,1,1,0.9982121
P21728,CHEMBL415080,1,1,0.99820185
P28222,CHEMBL277467,1,1,0.9981871
P46098,CHEMBL26533,1,1,0.9981779
Q08462,CHEMBL4758446,1,1,0.9981469
P28222,CHEMBL21790,1,1,0.99811125
P27338,CHEMBL2094028,0,1,0.99809116
P31645,CHEMBL422504,1,1,0.9980253
Q9Y5Y9,CHEMBL252837,1,1,0.99792105
O00206,CHEMBL3261020,1,1,0.997903
P18089,CHEMBL540594,1,1,0.99789655
P35368,CHEMBL357828,1,1,0.997886
P18825,CHEMBL707,1,1,0.997869
O60391,CHEMBL306899,1,1,0.9978003
P35368,CHEMBL357842,1,1,0.99776745
P25100,CHEMBL41677,1,1,0.99775416
Q8IWU9,CHEMBL5421387,1,1,0.99773896
P31645,CHEMBL41,1,1,0.99772066
P50406,CHEMBL329383,1,1,0.99770147
P25100,CHEMBL435576,1,1,0.99767774
P35372,CHEMBL217379,1,1,0.99758756
P35368,CHEMBL145746,1,1,0.99757296
P21728,CHEMBL315516,0,1,0.9975036
P18825,CHEMBL89243,1,1,0.9974807
P31645,CHEMBL151695,1,1,0.9974124
P17342,CHEMBL61383,1,1,0.9973603
P18825,CHEMBL315392,1,1,0.9972842
P18825,CHEMBL70691,1,1,0.99719954
Q01118,CHEMBL3926656,1,1,0.9970696
P21917,CHEMBL283211,1,1,0.9970682
P41145,CHEMBL108904,1,1,0.9970643
P18089,CHEMBL284470,1,1,0.9969994
Q99250,CHEMBL321883,1,1,0.9969812
P41145,CHEMBL340476,0,1,0.996977
P18825,CHEMBL540035,1,1,0.9968695
P18089,CHEMBL70751,1,1,0.9968334
O60391,CHEMBL42694,0,1,0.9966312
P31645,CHEMBL147503,1,1,0.9964463
P50406,CHEMBL266591,1,1,0.9962907
P49789,CHEMBL5079345,1,1,0.996256
Q9Y5Y9,CHEMBL1631088,1,1,0.99621636
O00206,CHEMBL3261026,1,1,0.9961888
P28222,CHEMBL162930,1,1,0.9961876
P46098,CHEMBL66692,1,1,0.9961837
P35368,CHEMBL41677,1,1,0.9961236
P18089,CHEMBL179334,1,1,0.996027
P35499,CHEMBL1813048,1,1,0.9959818
P27338,CHEMBL903,1,1,0.9958897
P25100,CHEMBL42220,1,1,0.9957515
P18089,CHEMBL284103,1,1,0.995635
P34969,CHEMBL347115,1,1,0.9956027
P18089,CHEMBL312871,1,1,0.99554294
P25100,CHEMBL300222,1,1,0.99551564
P48039,CHEMBL314512,1,1,0.9954342
Q9Y5Y9,CHEMBL1278224,1,1,0.99543273
A5X5Y0,CHEMBL288591,1,1,0.9951008
P28222,CHEMBL162463,1,1,0.9949614
P50406,CHEMBL62538,1,1,0.9948479
Q8WXA8,CHEMBL288591,1,1,0.9945821
P34903,CHEMBL286594,1,1,0.99445504
P18089,CHEMBL597,1,1,0.9944384
P31645,CHEMBL151420,1,1,0.99443334
P17342,CHEMBL59028,1,1,0.99433136
P34903,CHEMBL510764,1,1,0.99374604
Q9Y5Y9,CHEMBL1276882,1,1,0.9931044
P28222,CHEMBL115415,1,1,0.9930529
O60391,CHEMBL133401,1,1,0.992515
P35368,CHEMBL435576,1,1,0.9923936
P28221,CHEMBL15933,0,1,0.9923177
P21917,CHEMBL69717,1,1,0.99208915
P08913,CHEMBL89243,1,1,0.9910704
P34969,CHEMBL94261,1,1,0.9901389
P34969,CHEMBL94984,1,1,0.9901389
A5X5Y0,CHEMBL40459,0,1,0.98995996
P28221,CHEMBL313714,1,1,0.98972964
P27338,CHEMBL127983,1,1,0.9892306
P34969,CHEMBL347286,1,1,0.9891867
P35368,CHEMBL300222,1,1,0.9891566
P21917,CHEMBL88365,1,1,0.9890533
P18825,CHEMBL405355,1,1,0.9888249
O15399,CHEMBL5416465,0,1,0.98832023
Q08462,CHEMBL4799136,0,1,0.98766756
P34969,CHEMBL152595,1,1,0.98721015
P21728,CHEMBL87910,1,1,0.98700595
P50406,CHEMBL268800,1,1,0.9866996
P35368,CHEMBL42220,1,1,0.9866737
P18089,CHEMBL327775,1,1,0.9864848
Q8WXA8,CHEMBL40459,0,1,0.9847318
P18825,CHEMBL6437,1,1,0.9843748
Q9Y5Y9,CHEMBL1631098,1,1,0.9830205
P35367,CHEMBL1125,1,1,0.98212653
P35367,CHEMBL100454,1,1,0.98205274
P28221,CHEMBL292779,1,1,0.9816487
P08913,CHEMBL315392,1,1,0.98057395
P35367,CHEMBL715,1,1,0.9803924
P17342,CHEMBL294263,1,1,0.9799866
Q9Y5Y9,CHEMBL1276881,1,1,0.97922873
Q99250,CHEMBL521211,0,1,0.9784026
P08913,CHEMBL707,1,1,0.9778321
P35367,CHEMBL440512,1,1,0.9766461
Q9Y5Y9,CHEMBL1270302,1,1,0.9765711
P46098,CHEMBL363124,0,1,0.97614473
P21917,CHEMBL2308105,1,1,0.97564983
P31645,CHEMBL284004,1,1,0.9746494
P49789,CHEMBL5077048,0,1,0.9734219
P21918,CHEMBL204098,1,1,0.9732517
P28221,CHEMBL905,1,1,0.97321856
O15399,CHEMBL305187,0,1,0.97312105
P28566,CHEMBL467094,0,1,0.9727744
Q01118,CHEMBL5197315,1,1,0.972023
P41145,CHEMBL110126,1,1,0.9712286
P50406,CHEMBL62368,1,1,0.9708966
O60391,CHEMBL295179,0,1,0.9705852
Q8IWU9,CHEMBL5195178,1,1,0.97027266
P28222,CHEMBL15933,1,1,0.96790457
Q8IWU9,CHEMBL5417752,1,1,0.9664238
P21918,CHEMBL113956,0,1,0.9653628
P34969,CHEMBL12264,1,1,0.96214616
Q9Y5Y9,CHEMBL401258,1,1,0.95757055
P50406,CHEMBL60264,1,1,0.9552586
P50406,CHEMBL6437,1,1,0.95315355
P50406,CHEMBL94969,1,1,0.9530718
P08913,CHEMBL542520,1,1,0.95183784
P50406,CHEMBL96745,1,1,0.9325786
Q9Y5Y9,CHEMBL1278223,1,1,0.9307865
P17342,CHEMBL58588,1,1,0.92813104
P18089,CHEMBL25554,1,1,0.9272349
Q9Y5Y9,CHEMBL1269883,1,1,0.92632055
P28221,CHEMBL128,1,1,0.926128
P28335,CHEMBL87026,1,1,0.9222022
P50406,CHEMBL29846,1,1,0.92115533
P41145,CHEMBL358727,1,1,0.9187272
P28222,CHEMBL292779,1,1,0.9175587
P18089,CHEMBL122404,1,1,0.9166443
P31645,CHEMBL26320,0,1,0.91653425
Q99250,CHEMBL1278224,0,1,0.9127194
P41595,CHEMBL297784,1,1,0.9117316
P28222,CHEMBL117249,1,1,0.9099177
P50406,CHEMBL542139,1,1,0.90884966
Q9Y5Y9,CHEMBL1270100,1,1,0.9083273
P50406,CHEMBL29433,1,1,0.90632296
Q99250,CHEMBL1276882,0,1,0.90344745
P25103,CHEMBL82065,1,1,0.9030794
P35372,CHEMBL1161419,1,1,0.90123004
P50406,CHEMBL431298,1,1,0.8906705
P18089,CHEMBL89243,0,1,0.8892001
P18825,CHEMBL327712,1,1,0.88918656
P50406,CHEMBL60669,1,1,0.88719904
P25103,CHEMBL16192,1,1,0.88307756
P41595,CHEMBL149564,1,1,0.87558055
Q9Y5Y9,CHEMBL1278045,1,1,0.8744837
P18825,CHEMBL279516,1,1,0.8541885
Q99250,CHEMBL1270302,0,1,0.8492941
P18825,CHEMBL611,1,1,0.8425092
P35372,CHEMBL129034,1,1,0.83967984
P50406,CHEMBL71,1,1,0.83842987
P46098,CHEMBL376324,1,1,0.83792883
P28222,CHEMBL163573,1,1,0.836784
P34969,CHEMBL267777,1,1,0.83439916
Q9Y5Y9,CHEMBL1277512,1,1,0.83399725
P28221,CHEMBL29846,1,1,0.82208145
P41145,CHEMBL359252,1,1,0.8207847
P30939,CHEMBL178066,1,1,0.81686354
P08913,CHEMBL281350,1,1,0.81620204
P28221,CHEMBL281350,1,1,0.81219923
P35368,CHEMBL29846,0,1,0.80374
P28221,CHEMBL542139,1,1,0.8017608
P41595,CHEMBL478,1,1,0.79070354
P34903,CHEMBL12,1,1,0.78912866
P34969,CHEMBL478,1,1,0.78850734
A5X5Y0,CHEMBL478,1,1,0.7875305
Q8WXA8,CHEMBL478,1,1,0.78605783
P08913,CHEMBL69733,1,1,0.7834372
P25100,CHEMBL611,1,1,0.7747203
P35368,CHEMBL542139,0,1,0.7747054
P28221,CHEMBL422191,1,1,0.768719
P50406,CHEMBL478,0,1,0.7673567
P08913,CHEMBL611,0,1,0.7628597
P28566,CHEMBL1478342,0,1,0.7617921
P34969,CHEMBL76237,1,1,0.7567966
Q99250,CHEMBL1276881,0,1,0.7561378
P35368,CHEMBL611,1,1,0.7542635
A5X5Y0,CHEMBL18772,1,1,0.7510894
Q8WXA8,CHEMBL18772,1,1,0.7502733
P25100,CHEMBL135974,1,1,0.74978983
P25100,CHEMBL132378,1,1,0.74978983
P25100,CHEMBL134428,1,1,0.74978983
P46098,CHEMBL18772,1,1,0.7449996
P28221,CHEMBL161969,1,1,0.7406083
P35368,CHEMBL135974,0,1,0.7270936
P35368,CHEMBL132378,1,1,0.7270936
P35368,CHEMBL134428,1,1,0.7270936
P21917,CHEMBL110411,0,1,0.7270597
Q8IWU9,CHEMBL5430067,1,1,0.7234742
P34969,CHEMBL18772,0,1,0.72298694
P34969,CHEMBL12624,1,1,0.720095
P25100,CHEMBL429697,1,1,0.7194396
P25100,CHEMBL293515,1,1,0.7194396
P50406,CHEMBL292759,1,1,0.7187084
P34969,CHEMBL29846,0,1,0.71199834
A5X5Y0,CHEMBL274866,0,1,0.7063999
P35368,CHEMBL293515,0,1,0.7046676
P35368,CHEMBL429697,1,1,0.7046676
P28221,CHEMBL15928,1,1,0.70395064
P28222,CHEMBL29846,1,1,0.70306915
P18825,CHEMBL5483012,1,1,0.6963795
P28222,CHEMBL76237,0,1,0.69552964
Q8WXA8,CHEMBL274866,0,1,0.69506395
P50406,CHEMBL18772,0,1,0.69113666
P18825,CHEMBL2,1,1,0.68422925
P35368,CHEMBL292759,0,1,0.6798504
P28221,CHEMBL292759,1,1,0.679233
P18089,CHEMBL611,1,1,0.6731281
P34969,CHEMBL292759,0,1,0.6724963
P28222,CHEMBL292759,1,1,0.6715017
P34969,CHEMBL282971,1,1,0.6707645
P34969,CHEMBL29433,1,1,0.6707645
P28335,CHEMBL29846,1,1,0.6699759
P41595,CHEMBL29846,1,1,0.6698531
P21728,CHEMBL83080,0,1,0.6697162
P21728,CHEMBL315468,1,1,0.6697162
P21728,CHEMBL86931,1,1,0.6697162
P31645,CHEMBL538053,1,1,0.66813636
P28222,CHEMBL29433,1,1,0.66737896
P08913,CHEMBL2,0,1,0.6660122
P41595,CHEMBL292759,1,1,0.6651192
P28335,CHEMBL292759,1,1,0.66501105
P28566,CHEMBL292759,0,1,0.66206115
P35499,CHEMBL38401,1,1,0.6619543
P30939,CHEMBL292759,1,1,0.6609038
P34969,CHEMBL13049,1,1,0.65670246
P34969,CHEMBL29410,0,1,0.6565825
P28222,CHEMBL128,1,1,0.65567297
P35372,CHEMBL448155,1,1,0.6526401
P30939,CHEMBL29846,1,1,0.6525966
P28566,CHEMBL29433,0,1,0.6520252
P28566,CHEMBL282971,1,1,0.6520252
P30939,CHEMBL29433,1,1,0.6505171
P30939,CHEMBL282971,1,1,0.6505171
P28335,CHEMBL282971,1,1,0.6501766
P28335,CHEMBL29433,1,1,0.6501766
P25100,CHEMBL5483012,1,1,0.65007967
P41595,CHEMBL29433,0,1,0.64996743
P41595,CHEMBL282971,0,1,0.64996743
P28566,CHEMBL29846,0,1,0.64568025
P28566,CHEMBL29410,1,1,0.6431659
P35368,CHEMBL5483012,1,1,0.6430155
P08913,CHEMBL5483012,0,1,0.6423238
P30939,CHEMBL29410,1,1,0.6416405
P35372,CHEMBL13470,1,1,0.6409738
P41595,CHEMBL29410,0,1,0.6399052
P28222,CHEMBL281350,1,1,0.6388313
P18089,CHEMBL2,1,1,0.63771325
P08913,CHEMBL327712,1,1,0.63682395
P34969,CHEMBL431298,0,1,0.6337236
Q8IWU9,CHEMBL5431552,1,1,0.6320294
P18089,CHEMBL5483012,1,1,0.62920743
P18089,CHEMBL313251,1,1,0.6245814
P31645,CHEMBL2079586,1,1,0.6227914
P34969,CHEMBL542139,0,1,0.62123114
P21728,CHEMBL69733,0,1,0.6211569
P18089,CHEMBL91415,1,1,0.61753976
Q9ULU4,CHEMBL5653589,1,1,0.6164146
P18089,CHEMBL3392246,1,1,0.61599374
P18089,CHEMBL92322,1,1,0.6157735
A5X5Y0,CHEMBL61778,1,1,0.6050808
P18089,CHEMBL315914,1,1,0.6049396
Q96A65,CHEMBL5653589,1,1,0.6048228
Q99250,CHEMBL1269883,0,1,0.60409623
P21918,CHEMBL54,1,1,0.6038823
P28222,CHEMBL542139,1,1,0.60329515
P18089,CHEMBL88628,1,1,0.5991851
P21728,CHEMBL54,1,1,0.5958956
P49789,CHEMBL5093738,0,1,0.5937507
P35368,CHEMBL95245,1,1,0.5900318
P21917,CHEMBL54,1,1,0.5863303
P35372,CHEMBL317479,1,1,0.5843551
P35372,CHEMBL316961,0,1,0.5843551
Q8WXA8,CHEMBL61778,1,1,0.5784431
P28222,CHEMBL110601,1,1,0.57743293
P08913,CHEMBL83658,1,1,0.57618564
P34969,CHEMBL267930,1,1,0.5742535
P34969,CHEMBL96729,1,1,0.57409364
P35368,CHEMBL297667,1,1,0.5726122
P35368,CHEMBL289339,1,1,0.5714671
P31645,CHEMBL169429,0,1,0.57114404
P41595,CHEMBL273921,1,1,0.5710296
P35368,CHEMBL145001,1,1,0.57023346
P25100,CHEMBL95245,0,1,0.5696819
P25100,CHEMBL297667,0,1,0.56962055
P34969,CHEMBL56,1,1,0.5691576
P29218,CHEMBL5653589,0,1,0.56737876
P21728,CHEMBL59,1,1,0.5650867
P25100,CHEMBL289339,0,1,0.5623346
P28222,CHEMBL15928,1,1,0.56083816
A5X5Y0,CHEMBL69733,1,1,0.5597399
P35368,CHEMBL417350,1,1,0.5557992
P25100,CHEMBL145001,0,1,0.554984
P41145,CHEMBL148892,0,1,0.55479616
P41145,CHEMBL146555,1,1,0.55479616
P35368,CHEMBL42156,1,1,0.5511229
P35368,CHEMBL296965,1,1,0.55082595
P35368,CHEMBL44288,1,1,0.5479277
P41145,CHEMBL345269,0,1,0.5460874
P41145,CHEMBL342965,1,1,0.5460874
P35368,CHEMBL42514,1,1,0.54466987
P25100,CHEMBL42156,0,1,0.54424953
P41595,CHEMBL133455,1,1,0.54424804
P41595,CHEMBL133868,1,1,0.54424804
P41595,CHEMBL135076,1,1,0.54424804
Q8WXA8,CHEMBL69733,1,1,0.5434304
P25100,CHEMBL296965,0,1,0.54208934
P41145,CHEMBL357297,1,1,0.5411561
P41145,CHEMBL146682,0,1,0.5411561
P31645,CHEMBL88915,1,1,0.53480995
P25100,CHEMBL417350,0,1,0.5332146
P35368,CHEMBL289916,1,1,0.5312416
P18825,CHEMBL83658,0,1,0.52747107
P25100,CHEMBL44288,0,1,0.52604806
P25100,CHEMBL42514,0,1,0.52342504
P50406,CHEMBL54,0,1,0.52308846
P41145,CHEMBL129034,0,1,0.52053475
O60391,CHEMBL71,0,1,0.51932627
P28221,CHEMBL110601,0,1,0.51878107
P18825,CHEMBL314960,1,1,0.5150854
P50406,CHEMBL96729,0,1,0.51080817
P41595,CHEMBL431298,0,1,0.5103142
P25100,CHEMBL289916,0,1,0.5091548
P34969,CHEMBL151858,1,1,0.5080288
P34969,CHEMBL345971,0,1,0.5080288
P34969,CHEMBL152873,1,1,0.5080288
P34969,CHEMBL347511,0,1,0.5080288
P21917,CHEMBL307800,1,0,0.48392192
P50406,CHEMBL267930,0,0,0.48175207
P21917,CHEMBL68720,1,0,0.4804708
P50406,CHEMBL56,0,0,0.4787444
P08913,CHEMBL92322,0,0,0.4781446
Q99250,CHEMBL1278223,0,0,0.4758206
P28335,CHEMBL51,1,0,0.47541755
P41145,CHEMBL316961,0,0,0.4743627
P41145,CHEMBL317479,1,0,0.4743627
P35372,CHEMBL110138,1,0,0.47101384
P31645,CHEMBL281350,0,0,0.47064143
P08913,CHEMBL313251,0,0,0.4688115
P28335,CHEMBL267930,0,0,0.46602356
P21917,CHEMBL68860,0,0,0.46367633
P41595,CHEMBL542139,0,0,0.4605973
P18089,CHEMBL69733,0,0,0.45751145
P21728,CHEMBL15928,0,0,0.45646226
P21917,CHEMBL309118,0,0,0.45162538
P28335,CHEMBL542139,0,0,0.4513276
P18825,CHEMBL3392246,0,0,0.4507389
P35368,CHEMBL342347,0,0,0.44306436
P35368,CHEMBL358313,1,0,0.44306436
P08913,CHEMBL315914,0,0,0.4421572
P08913,CHEMBL91415,0,0,0.43938187
P18825,CHEMBL92322,1,0,0.4352755
P08913,CHEMBL6437,1,0,0.4341285
P25100,CHEMBL342347,0,0,0.4323115
P25100,CHEMBL358313,0,0,0.4323115
P25103,CHEMBL86053,0,0,0.42482966
P34969,CHEMBL51,0,0,0.4235473
P08913,CHEMBL88628,0,0,0.4152035
Q99250,CHEMBL1270100,0,0,0.4082163
P08913,CHEMBL314960,0,0,0.40740666
P18825,CHEMBL313251,1,0,0.40593606
P21917,CHEMBL301242,0,0,0.40460286
P41595,CHEMBL114012,0,0,0.4016982
P31645,CHEMBL15928,1,0,0.3858374
P21918,CHEMBL59,0,0,0.38277826
P18825,CHEMBL315914,1,0,0.38120756
P18825,CHEMBL91415,1,0,0.3785552
P18825,CHEMBL88628,0,0,0.35560086
P50406,CHEMBL51,0,0,0.3532531
P21918,CHEMBL1794855,0,0,0.35267654
P28335,CHEMBL281350,1,0,0.3452122
O60391,CHEMBL291170,0,0,0.29515997
Q99250,CHEMBL1278045,0,0,0.2903222
P08913,CHEMBL279516,0,0,0.285834
P46098,CHEMBL182721,0,0,0.2854359
P34903,CHEMBL443736,0,0,0.24333411
P30939,CHEMBL273921,0,0,0.21858731
P34969,CHEMBL266591,0,0,0.21739969
Q99250,CHEMBL1277512,0,0,0.20885023
P30939,CHEMBL431298,1,0,0.20751712
P28566,CHEMBL297784,0,0,0.20368597
P41145,CHEMBL290543,1,0,0.19626293
P28222,CHEMBL422191,0,0,0.19091156
P28335,CHEMBL170854,1,0,0.18785352
A5X5Y0,CHEMBL15928,0,0,0.1815316
P28222,CHEMBL161969,0,0,0.16902126
Q01118,CHEMBL3917696,0,0,0.16367199
P34969,CHEMBL95104,1,0,0.16072835
P21918,CHEMBL15928,0,0,0.15958165
P46098,CHEMBL133868,0,0,0.15604375
P46098,CHEMBL133455,0,0,0.15604375
P30939,CHEMBL542139,1,0,0.14964636
P31645,CHEMBL342055,1,0,0.14891444
P28566,CHEMBL431298,0,0,0.14697845
Q8WXA8,CHEMBL15928,0,0,0.1423252
P28566,CHEMBL273921,0,0,0.14083175
Q8IWU9,CHEMBL5205479,0,0,0.13635424
Q01118,CHEMBL3957193,1,0,0.11996127
P34903,CHEMBL35571,1,0,0.1035327
P28566,CHEMBL542139,0,0,0.09676641
P27338,CHEMBL418480,0,0,0.091376975
Q8N1C3,CHEMBL12,0,0,0.08890403
Q8IWU9,CHEMBL4104957,1,0,0.088827595
P34969,CHEMBL153398,1,0,0.08117508
O00591,CHEMBL12,0,0,0.08026289
P78334,CHEMBL12,0,0,0.076603554
P30939,CHEMBL281350,0,0,0.07603018
P28335,CHEMBL128,0,0,0.05784307
O00206,CHEMBL3087262,0,0,0.05118973
P18089,CHEMBL542520,0,0,0.04948743
P28566,CHEMBL7143,0,0,0.04805571
P28566,CHEMBL281350,0,0,0.04754223
P41145,CHEMBL13470,0,0,0.040120922
P25100,CHEMBL44124,0,0,0.040086992
P25103,CHEMBL278351,1,0,0.03775452
Q9UN88,CHEMBL12,0,0,0.03650515
Q01118,CHEMBL3946117,0,0,0.03623977
P31645,CHEMBL417049,0,0,0.034739703
Q9UJ96,CHEMBL219249,0,0,0.03412283
P46098,CHEMBL292779,0,0,0.025350625
P41145,CHEMBL110138,0,0,0.024017375
P30939,CHEMBL12264,0,0,0.023723215
P28566,CHEMBL267930,0,0,0.023701804
P34903,CHEMBL1783256,1,0,0.022017911
P35499,CHEMBL37263,1,0,0.0217092
P35368,CHEMBL44124,0,0,0.020502541
P30939,CHEMBL292779,0,0,0.020331006
A5X5Y0,CHEMBL128,0,0,0.020246167
P18089,CHEMBL314960,0,0,0.01827905
P25100,CHEMBL359430,0,0,0.016766127
P25100,CHEMBL145178,0,0,0.016766127
P46098,CHEMBL194305,1,0,0.016511124
P35372,CHEMBL126842,0,0,0.015207928
P25103,CHEMBL441225,1,0,0.013147038
P25103,CHEMBL303118,1,0,0.013147038
Q8WXA8,CHEMBL128,0,0,0.011667194
A5X5Y0,CHEMBL83658,0,0,0.011161888
Q01118,CHEMBL3964900,0,0,0.011062536
P34903,CHEMBL449393,0,0,0.010747713
P41145,CHEMBL448155,0,0,0.010077074
P28566,CHEMBL12264,0,0,0.0093063675
P25100,CHEMBL43749,0,0,0.0092166215
P25100,CHEMBL41959,0,0,0.008803184
P28566,CHEMBL292779,0,0,0.0086474065
P34903,CHEMBL505497,0,0,0.008417479
P35368,CHEMBL145178,1,0,0.008153186
P35368,CHEMBL359430,0,0,0.008153186
P28335,CHEMBL905,0,0,0.0077135833
P35372,CHEMBL127802,0,0,0.0076975627
P49789,CHEMBL5078809,0,0,0.0074851955
Q01118,CHEMBL3945969,1,0,0.00680156
P18825,CHEMBL315538,0,0,0.0067393053
Q8WXA8,CHEMBL83658,0,0,0.006533035
P34969,CHEMBL6437,0,0,0.0065099513
P34969,CHEMBL153156,1,0,0.0057309857
P35372,CHEMBL339457,0,0,0.0055988543
Q99250,CHEMBL305200,0,0,0.005578674
Q01118,CHEMBL5180334,0,0,0.0055113174
P18089,CHEMBL327712,0,0,0.004866549
O00206,CHEMBL3261033,0,0,0.0048136185
P17787,CHEMBL1669092,0,0,0.004812618
P18089,CHEMBL315392,0,0,0.0043118456
P49789,CHEMBL5069986,0,0,0.003987261
P46098,CHEMBL120055,0,0,0.0039507793
P50406,CHEMBL269236,0,0,0.0037948813
P25103,CHEMBL124979,0,0,0.0036125912
P25100,CHEMBL298058,0,0,0.0035784217
Q8N1C3,CHEMBL100454,0,0,0.0034649295
P35368,CHEMBL41959,0,0,0.0033893513
P35368,CHEMBL43749,0,0,0.0033227182
Q01118,CHEMBL3928398,0,0,0.0030722693
Q08462,CHEMBL4762531,1,0,0.0029694834
P78334,CHEMBL100454,0,0,0.0025742203
P30939,CHEMBL94984,0,0,0.0025248926
O00591,CHEMBL100454,0,0,0.0021860506
Q8N1C3,CHEMBL1125,0,0,0.0021499495
A5X5Y0,CHEMBL905,0,0,0.0020860743
Q8N1C3,CHEMBL715,0,0,0.0020607207
P30939,CHEMBL116448,0,0,0.001960464
P25100,CHEMBL42361,0,0,0.0019600973
P30939,CHEMBL1788231,0,0,0.0019513812
P30939,CHEMBL114012,0,0,0.0019513812
P50406,CHEMBL281408,0,0,0.0019137812
P18825,CHEMBL72958,0,0,0.0017880695
P18089,CHEMBL405355,0,0,0.001783469
P34903,CHEMBL4537552,0,0,0.0017832434
O15399,CHEMBL4544421,0,0,0.0017595701
Q8N1C3,CHEMBL440512,0,0,0.0016721672
O15399,CHEMBL4452216,0,0,0.0016624873
P34969,CHEMBL282199,1,0,0.0016618494
O15399,CHEMBL2333944,0,0,0.0016101911
P78334,CHEMBL1125,0,0,0.0015611047
P35368,CHEMBL298058,1,0,0.0015340778
P78334,CHEMBL715,0,0,0.001499974
O00206,CHEMBL3261019,0,0,0.0014102577
O60391,CHEMBL102740,0,0,0.0013076962
O00591,CHEMBL1125,0,0,0.0012956995
O00591,CHEMBL715,0,0,0.0012660056
P21728,CHEMBL85552,0,0,0.0012607853
P78334,CHEMBL440512,0,0,0.0012116849
P25100,CHEMBL97044,0,0,0.0011818548
P35499,CHEMBL41864,1,0,0.0011430935
Q8IWU9,CHEMBL5440624,0,0,0.0011330897
P46098,CHEMBL128,0,0,0.0011272986
Q8WXA8,CHEMBL905,0,0,0.0010875968
P21728,CHEMBL45491,1,0,0.0010174947
O00591,CHEMBL440512,0,0,0.0009967786
P30939,CHEMBL128,1,0,0.0009800456
P25100,CHEMBL43799,0,0,0.00096923014
O00206,CHEMBL3261036,0,0,0.00096659776
P25100,CHEMBL300272,0,0,0.00094777753
P21917,CHEMBL67414,0,0,0.00090442953
P18089,CHEMBL707,0,0,0.0008904023
P49789,CHEMBL5083166,0,0,0.0008269117
P08913,CHEMBL315538,0,0,0.00080868293
P28566,CHEMBL94984,0,0,0.00080863165
A5X5Y0,CHEMBL114478,0,0,0.00080377643
A5X5Y0,CHEMBL130703,0,0,0.0007990158
Q9UN88,CHEMBL100454,0,0,0.0007324296
P46098,CHEMBL184770,0,0,0.00070531206
Q8IWU9,CHEMBL412813,0,0,0.00070505234
P21918,CHEMBL116735,0,0,0.0006827065
Q01118,CHEMBL3971777,1,0,0.0006777773
Q01118,CHEMBL5179783,0,0,0.0006639902
P17342,CHEMBL435181,1,0,0.0006573833
P35368,CHEMBL42361,0,0,0.00063755445
P28566,CHEMBL1788231,0,0,0.00063678424
P28566,CHEMBL114012,0,0,0.00063678424
P21728,CHEMBL11608,0,0,0.0006271955
P28566,CHEMBL116448,0,0,0.00061918766
P25100,CHEMBL41994,0,0,0.00059012463
P28566,CHEMBL313714,0,0,0.0005651351
P18089,CHEMBL3392247,0,0,0.0005635741
P49789,CHEMBL5078205,0,0,0.0005500026
P31645,CHEMBL268258,1,0,0.0005308128
P31645,CHEMBL75342,1,0,0.0005308128
Q8IWU9,CHEMBL5195911,0,0,0.0004945469
Q01118,CHEMBL3971533,0,0,0.00046301144
P49789,CHEMBL1444825,0,0,0.00046285478
Q8WXA8,CHEMBL114478,0,0,0.00045501042
P21917,CHEMBL22242,0,0,0.00045326952
P31645,CHEMBL149878,0,0,0.00044981297
Q8WXA8,CHEMBL130703,0,0,0.00043913955
P35372,CHEMBL338980,0,0,0.00043461766
Q9UN88,CHEMBL715,0,0,0.00041623073
Q9UN88,CHEMBL1125,0,0,0.0004144443
P28566,CHEMBL128,0,0,0.0004052843
P41145,CHEMBL147437,0,0,0.00037899616
P18089,CHEMBL553276,0,0,0.0003778244
P35499,CHEMBL39210,0,0,0.00036644068
Q08462,CHEMBL4800693,0,0,0.00035503425
O15399,CHEMBL2010868,0,0,0.00034022672
Q8IWU9,CHEMBL5184845,0,0,0.00033598408
Q9UN88,CHEMBL440512,0,0,0.0003337815
A5X5Y0,CHEMBL131570,0,0,0.00033331657
P17342,CHEMBL434023,0,0,0.00033011436
O00206,CHEMBL3261038,0,0,0.00031657962
Q99250,CHEMBL110572,1,0,0.00031233995
Q99250,CHEMBL467919,0,0,0.00029215834
P31645,CHEMBL132683,0,0,0.0002831592
P30939,CHEMBL76237,0,0,0.00028175887
Q99250,CHEMBL110164,0,0,0.00027744682
P31645,CHEMBL357312,0,0,0.0002745785
P21728,CHEMBL609151,0,0,0.00026675675
A5X5Y0,CHEMBL76495,0,0,0.00025923707
P35372,CHEMBL2369393,0,0,0.00025705007
P35368,CHEMBL43799,0,0,0.0002558571
Q8IWU9,CHEMBL5193102,0,0,0.00025154147
P41145,CHEMBL146474,0,0,0.00024426027
P21728,CHEMBL612083,0,0,0.00023588537
P21917,CHEMBL419505,0,0,0.00023395954
P35367,CHEMBL152126,0,0,0.0002322978
P35367,CHEMBL152221,0,0,0.0002322978
P35367,CHEMBL157217,0,0,0.0002322978
P31645,CHEMBL14370,1,0,0.00023207422
P35372,CHEMBL126370,0,0,0.00021283212
P25100,CHEMBL44496,0,0,0.00021060275
Q9Y5Y9,CHEMBL404623,0,0,0.00020655518
P31645,CHEMBL322923,0,0,0.00020517118
P35368,CHEMBL97044,1,0,0.0002039951
O00206,CHEMBL3261023,0,0,0.00019721154
P35368,CHEMBL41994,0,0,0.00019007358
P21918,CHEMBL117537,0,0,0.0001881132
Q8WXA8,CHEMBL131570,0,0,0.00018801476
O15399,CHEMBL4456824,0,0,0.00018560923
O00206,CHEMBL3087261,0,0,0.000184912
P28566,CHEMBL329383,0,0,0.00018463926
P21728,CHEMBL323356,0,0,0.00018352644
O60391,CHEMBL40708,1,0,0.00017897556
P25100,CHEMBL432192,0,0,0.00017721055
O00206,CHEMBL3261028,0,0,0.00017429056
P35368,CHEMBL300272,0,0,0.00017425
P25100,CHEMBL100383,0,0,0.0001717
O60391,CHEMBL131272,0,0,0.00017025688
Q9Y5Y9,CHEMBL250699,1,0,0.00016952663
Q8WXA8,CHEMBL76495,0,0,0.00016190435
P21917,CHEMBL302796,0,0,0.00015567151
P30939,CHEMBL317535,0,0,0.00015328327
A5X5Y0,CHEMBL131109,0,0,0.00014445078
P35372,CHEMBL106043,0,0,0.0001430682
P25100,CHEMBL416073,0,0,0.00014051575
P35372,CHEMBL304466,0,0,0.0001395972
P18825,CHEMBL74114,1,0,0.0001352208
Q8N1C3,CHEMBL346673,0,0,0.00013466684
O15399,CHEMBL4464605,0,0,0.00013010486
P28566,CHEMBL154274,0,0,0.00012954
P28335,CHEMBL53764,0,0,0.0001290065
P25100,CHEMBL319553,0,0,0.00012852863
Q01118,CHEMBL5174656,0,0,0.00012707018
P28335,CHEMBL52264,0,0,0.00012652102
O00206,CHEMBL3261007,0,0,0.0001236709
P49789,CHEMBL5088775,0,0,0.000121570745
P18089,CHEMBL279516,1,0,0.00012056017
P35372,CHEMBL127788,0,0,0.00011775223
Q99250,CHEMBL468120,0,0,0.000113322945
Q01118,CHEMBL5195306,0,0,0.00010708354
P21917,CHEMBL322179,0,0,0.00010643993
P28566,CHEMBL76237,0,0,0.0001063038
P18089,CHEMBL419448,0,0,0.000106187195
P25103,CHEMBL105055,0,0,0.00010571708
P78334,CHEMBL346673,0,0,0.00010511376
P28566,CHEMBL1381724,0,0,0.0001044794
P49789,CHEMBL5081492,0,0,9.54221e-05
P21728,CHEMBL145584,0,0,9.415218e-05
A5X5Y0,CHEMBL131289,0,0,9.154697e-05
P35372,CHEMBL126255,0,0,8.884305e-05
P41145,CHEMBL146140,0,0,8.5808715e-05
P49789,CHEMBL5075193,0,0,8.470831e-05
P25100,CHEMBL96988,0,0,8.470475e-05
P21918,CHEMBL115444,0,0,8.2016406e-05
Q8WXA8,CHEMBL131109,0,0,8.117142e-05
Q9UJ96,CHEMBL386028,0,0,7.830262e-05
Q8N1C3,CHEMBL140487,0,0,7.6983844e-05
O00591,CHEMBL346673,0,0,7.664527e-05
P35367,CHEMBL24665,0,0,7.382209e-05
O60391,CHEMBL325856,0,0,7.286949e-05
P28335,CHEMBL53128,0,0,7.1413975e-05
P27338,CHEMBL39962,0,0,7.0290655e-05
A5X5Y0,CHEMBL295000,0,0,6.99455e-05
Q08462,CHEMBL4789237,1,0,6.7569235e-05
P30939,CHEMBL12624,0,0,6.6979286e-05
P28335,CHEMBL109548,0,0,6.604748e-05
Q99250,CHEMBL106459,0,0,6.492506e-05
Q01118,CHEMBL3544913,0,0,6.141108e-05
P78334,CHEMBL140487,0,0,6.070516e-05
Q8IWU9,CHEMBL5208107,0,0,6.0287308e-05
P35368,CHEMBL44496,0,0,5.8608974e-05
P25100,CHEMBL432302,0,0,5.8410067e-05
Q08462,CHEMBL4742351,0,0,5.7524463e-05
P25103,CHEMBL332796,0,0,5.6166915e-05
Q8N1C3,CHEMBL358955,0,0,5.5623972e-05
P18089,CHEMBL70692,0,0,5.523072e-05
P35372,CHEMBL127495,0,0,5.3890646e-05
P35372,CHEMBL126946,0,0,5.3223077e-05
P27338,CHEMBL545652,0,0,5.2366653e-05
Q99250,CHEMBL109127,0,0,5.2332405e-05
P35368,CHEMBL416073,0,0,5.1868705e-05
Q8WXA8,CHEMBL131289,0,0,5.1123647e-05
Q9Y5Y9,CHEMBL252037,0,0,5.1065086e-05
Q01118,CHEMBL5186480,0,0,5.0991406e-05
A5X5Y0,CHEMBL128071,0,0,5.0920124e-05
P28566,CHEMBL7318,0,0,5.0892886e-05
P49789,CHEMBL5076149,0,0,5.078119e-05
P25100,CHEMBL142719,0,0,5.0374976e-05
P41145,CHEMBL126842,0,0,4.959379e-05
P28335,CHEMBL54103,0,0,4.900262e-05
P18089,CHEMBL540035,0,0,4.887866e-05
Q8N1C3,CHEMBL150925,0,0,4.844607e-05
P35499,CHEMBL16,0,0,4.772787e-05
P21918,CHEMBL300780,0,0,4.7266316e-05
P49789,CHEMBL5088259,0,0,4.6224268e-05
P31645,CHEMBL555280,0,0,4.5357796e-05
Q01118,CHEMBL5177918,0,0,4.5232962e-05
P28335,CHEMBL53349,0,0,4.4183165e-05
P78334,CHEMBL358955,0,0,4.36719e-05
O00591,CHEMBL140487,0,0,4.3619493e-05
P21728,CHEMBL611801,0,0,4.3186636e-05
Q08462,CHEMBL4760543,0,0,4.270249e-05
P27338,CHEMBL555787,0,0,4.1237752e-05
Q9UN88,CHEMBL346673,0,0,4.0799263e-05
O60391,CHEMBL334822,0,0,4.06416e-05
P35372,CHEMBL339898,0,0,3.975367e-05
P28566,CHEMBL356359,0,0,3.9395298e-05
P78334,CHEMBL150925,0,0,3.794885e-05
P31645,CHEMBL542746,0,0,3.7841153e-05
P21918,CHEMBL370128,0,0,3.753952e-05
Q8WXA8,CHEMBL295000,0,0,3.6672187e-05
O60391,CHEMBL592,0,0,3.6339236e-05
P27338,CHEMBL160347,0,0,3.6101872e-05
O00206,CHEMBL3261024,0,0,3.596812e-05
A5X5Y0,CHEMBL40488,0,0,3.5668767e-05
Q8IWU9,CHEMBL512353,0,0,3.535544e-05
Q9UJ96,CHEMBL218975,0,0,3.4555866e-05
P41145,CHEMBL339457,0,0,3.3942142e-05
P25100,CHEMBL42763,0,0,3.198849e-05
P49789,CHEMBL5081769,0,0,3.1146083e-05
P28335,CHEMBL39243,0,0,3.0277568e-05
O00591,CHEMBL358955,0,0,3.023619e-05
P31645,CHEMBL357322,0,0,2.9359042e-05
P41145,CHEMBL127802,0,0,2.933738e-05
P49789,CHEMBL5085768,0,0,2.819963e-05
P28566,CHEMBL275854,0,0,2.8016715e-05
Q8WXA8,CHEMBL128071,0,0,2.7526816e-05
Q8N1C3,CHEMBL9689,0,0,2.664032e-05
P21917,CHEMBL110435,0,0,2.6492566e-05
O00591,CHEMBL150925,0,0,2.6340957e-05
P31645,CHEMBL306700,0,0,2.5553401e-05
Q01118,CHEMBL3934019,0,0,2.543039e-05
Q8N1C3,CHEMBL348664,0,0,2.5189314e-05
P41145,CHEMBL146533,0,0,2.452303e-05
P35372,CHEMBL431445,0,0,2.4316329e-05
Q9UN88,CHEMBL140487,0,0,2.4172494e-05
P35368,CHEMBL432192,0,0,2.3950628e-05
P28566,CHEMBL12624,0,0,2.3294662e-05
Q99250,CHEMBL318362,0,0,2.3052015e-05
P25103,CHEMBL82552,0,0,2.2405568e-05
P27338,CHEMBL40791,0,0,2.2154214e-05
P78334,CHEMBL9689,0,0,2.0885831e-05
P17342,CHEMBL5175209,0,0,2.075067e-05
P35368,CHEMBL432302,0,0,2.0020283e-05
P17342,CHEMBL5191531,0,0,1.9980704e-05
P78334,CHEMBL348664,0,0,1.9767785e-05
Q8WXA8,CHEMBL40488,0,0,1.9497618e-05
P41145,CHEMBL356506,0,0,1.9427775e-05
P46098,CHEMBL382243,0,0,1.9077052e-05
O00206,CHEMBL3261025,0,0,1.8792922e-05
P41145,CHEMBL148416,0,0,1.79144e-05
Q9UN88,CHEMBL358955,0,0,1.7853887e-05
Q08462,CHEMBL4751807,0,0,1.7837925e-05
Q01118,CHEMBL3612810,0,0,1.7594937e-05
Q99250,CHEMBL108627,0,0,1.7513243e-05
Q8N1C3,CHEMBL970,0,0,1.7392875e-05
A5X5Y0,CHEMBL6437,0,0,1.723144e-05
P21918,CHEMBL114825,0,0,1.6741065e-05
Q08462,CHEMBL324017,0,0,1.6703589e-05
Q9UN88,CHEMBL150925,0,0,1.5345646e-05
Q08462,CHEMBL4754188,0,0,1.5036603e-05
P35368,CHEMBL96988,0,0,1.5025967e-05
P21918,CHEMBL325516,0,0,1.4538251e-05
P35499,CHEMBL38876,0,0,1.4393427e-05
O00591,CHEMBL9689,0,0,1.4270676e-05
P21918,CHEMBL195927,0,0,1.4260445e-05
Q01118,CHEMBL3935612,0,0,1.420512e-05
P41595,CHEMBL282199,0,0,1.4019612e-05
Q9UJ96,CHEMBL219301,0,0,1.3934332e-05
P35368,CHEMBL319553,0,0,1.3919377e-05
P34903,CHEMBL147312,0,0,1.3861304e-05
P35368,CHEMBL142719,1,0,1.3775817e-05
P28566,CHEMBL282424,0,0,1.3751207e-05
P78334,CHEMBL970,0,0,1.3689604e-05
O00591,CHEMBL348664,0,0,1.3650285e-05
P25103,CHEMBL82274,0,0,1.3107493e-05
P25100,CHEMBL40303,0,0,1.2553175e-05
P18089,CHEMBL70691,0,0,1.25472625e-05
P18825,CHEMBL70634,0,0,1.2074027e-05
P21918,CHEMBL199824,0,0,1.1657507e-05
P35372,CHEMBL126884,0,0,1.1353156e-05
P50406,CHEMBL97017,0,0,1.07475435e-05
Q08462,CHEMBL4745662,0,0,1.0688922e-05
Q8N1C3,CHEMBL967,0,0,1.0526913e-05
A5X5Y0,CHEMBL274497,0,0,1.0257769e-05
Q99250,CHEMBL2164373,0,0,1.0148469e-05
P35368,CHEMBL42763,0,0,1.009763e-05
P25103,CHEMBL340849,0,0,9.8466635e-06
P25103,CHEMBL123737,0,0,9.8466635e-06
P35499,CHEMBL486528,0,0,9.837709e-06
Q8N1C3,CHEMBL275115,0,0,9.697086e-06
O00591,CHEMBL970,0,0,9.521181e-06
A5X5Y0,CHEMBL9666,0,0,9.478944e-06
Q01118,CHEMBL3960534,0,0,9.321804e-06
Q99250,CHEMBL107684,0,0,9.290829e-06
O15399,CHEMBL5273123,0,0,9.09395e-06
Q8WXA8,CHEMBL6437,0,0,9.029689e-06
P28566,CHEMBL1258671,0,0,8.919462e-06
P35372,CHEMBL126857,0,0,8.7389835e-06
Q96A65,CHEMBL3752910,0,0,8.679109e-06
Q9UN88,CHEMBL9689,0,0,8.433812e-06
A5X5Y0,CHEMBL130698,0,0,8.353875e-06
P78334,CHEMBL967,0,0,8.261158e-06
P31645,CHEMBL150045,0,0,8.173568e-06
O60391,CHEMBL2114294,0,0,8.158484e-06
O60391,CHEMBL2114295,0,0,8.158484e-06
O60391,CHEMBL1095519,0,0,8.158484e-06
O60391,CHEMBL1094879,0,0,8.158484e-06
Q9UN88,CHEMBL348664,0,0,8.074455e-06
P28335,CHEMBL95112,0,0,8.062989e-06
P18089,CHEMBL72724,0,0,7.9088795e-06
A5X5Y0,CHEMBL128659,0,0,7.801918e-06
P28335,CHEMBL310153,0,0,7.7937675e-06
P78334,CHEMBL275115,0,0,7.585961e-06
P28566,CHEMBL157910,0,0,7.5351154e-06
Q9Y5Y9,CHEMBL400129,0,0,7.250004e-06
Q8N1C3,CHEMBL150738,0,0,7.2208436e-06
O60391,CHEMBL2115272,0,0,7.212523e-06
O60391,CHEMBL2114293,0,0,7.212523e-06
O60391,CHEMBL2114292,0,0,7.212523e-06
O60391,CHEMBL2115271,0,0,7.212523e-06
P35372,CHEMBL106785,0,0,7.156791e-06
O60391,CHEMBL442545,0,0,6.9573184e-06
P18825,CHEMBL74467,0,0,6.841909e-06
O60391,CHEMBL40555,0,0,6.7310452e-06
P27338,CHEMBL303112,0,0,6.6266653e-06
P46098,CHEMBL266591,0,0,6.545073e-06
Q99250,CHEMBL327027,0,0,6.520993e-06
P35499,CHEMBL446777,0,0,6.1817427e-06
P35499,CHEMBL474672,0,0,6.1817427e-06
Q99250,CHEMBL322599,0,0,6.159745e-06
Q8N1C3,CHEMBL417990,0,0,5.9921463e-06
P35372,CHEMBL129693,0,0,5.825456e-06
O00591,CHEMBL967,0,0,5.7045772e-06
P78334,CHEMBL150738,0,0,5.668244e-06
Q9Y5Y9,CHEMBL558,0,0,5.635919e-06
Q7Z6K3,CHEMBL3752910,1,0,5.6052854e-06
Q8WXA8,CHEMBL274497,0,0,5.5170844e-06
P28566,CHEMBL191460,0,0,5.505459e-06
Q9UN88,CHEMBL970,0,0,5.4879656e-06
Q99250,CHEMBL108782,0,0,5.459724e-06
P18825,CHEMBL544290,0,0,5.343218e-06
A5X5Y0,CHEMBL3,0,0,5.2557966e-06
P28566,CHEMBL1419954,0,0,5.200771e-06
Q01118,CHEMBL3929432,0,0,5.1697957e-06
Q8WXA8,CHEMBL9666,0,0,5.1631737e-06
O00591,CHEMBL275115,0,0,5.0971066e-06
P28335,CHEMBL53485,0,0,5.0208027e-06
P21918,CHEMBL557781,0,0,4.876327e-06
O60391,CHEMBL97590,0,0,4.700713e-06
O60391,CHEMBL94320,0,0,4.700713e-06
P78334,CHEMBL417990,0,0,4.6947453e-06
A5X5Y0,CHEMBL44236,0,0,4.6711916e-06
Q8WXA8,CHEMBL130698,0,0,4.52858e-06
P28335,CHEMBL52912,0,0,4.480373e-06
P28335,CHEMBL109528,1,0,4.3418568e-06
Q8WXA8,CHEMBL128659,0,0,4.2273787e-06
P28566,CHEMBL1241328,0,0,4.202986e-06
P21918,CHEMBL196169,0,0,4.109095e-06
Q8N1C3,CHEMBL91151,0,0,4.088675e-06
P28335,CHEMBL110847,1,0,4.029476e-06
O00591,CHEMBL150738,0,0,3.950036e-06
Q01118,CHEMBL3924034,0,0,3.9427796e-06
P27338,CHEMBL63223,0,0,3.9396373e-06
P35368,CHEMBL40303,0,0,3.778494e-06
P35372,CHEMBL419179,0,0,3.6300091e-06
P35499,CHEMBL485002,0,0,3.6087465e-06
P35499,CHEMBL484833,0,0,3.6087465e-06
P34969,CHEMBL273890,0,0,3.6041138e-06
P35372,CHEMBL321462,0,0,3.5561472e-06
P21728,CHEMBL25856,0,0,3.511481e-06
P28335,CHEMBL121744,0,0,3.462808e-06
Q9Y5Y9,CHEMBL404229,0,0,3.3892122e-06
Q9UN88,CHEMBL967,0,0,3.3743768e-06
O00591,CHEMBL417990,0,0,3.361882e-06
Q8N1C3,CHEMBL13458,0,0,3.330681e-06
O60391,CHEMBL2115273,0,0,3.2710702e-06
O60391,CHEMBL2115270,0,0,3.2710702e-06
O60391,CHEMBL2114291,0,0,3.2710702e-06
O60391,CHEMBL2114296,0,0,3.2710702e-06
P35499,CHEMBL742,0,0,3.257432e-06
Q08462,CHEMBL4760850,0,0,3.2565094e-06
Q99250,CHEMBL467700,0,0,3.2512155e-06
Q99250,CHEMBL509722,0,0,3.2512155e-06
P78334,CHEMBL91151,0,0,3.2315152e-06
P35367,CHEMBL11879,0,0,3.22805e-06
P35499,CHEMBL486414,0,0,3.1835489e-06
A5X5Y0,CHEMBL336107,0,0,3.1475643e-06
Q01118,CHEMBL3939162,0,0,3.1265743e-06
P35372,CHEMBL339922,0,0,3.0616127e-06
Q9UN88,CHEMBL275115,0,0,3.0496592e-06
Q8N1C3,CHEMBL523,0,0,2.980887e-06
P17342,CHEMBL5205961,0,0,2.957275e-06
Q99250,CHEMBL324435,0,0,2.9491187e-06
P21918,CHEMBL202924,0,0,2.9425617e-06
P35372,CHEMBL127007,0,0,2.9053251e-06
Q8N1C3,CHEMBL88648,0,0,2.841002e-06
Q8WXA8,CHEMBL3,0,0,2.8246304e-06
P35499,CHEMBL473498,0,0,2.7881201e-06
P35499,CHEMBL472884,0,0,2.7881201e-06
P35372,CHEMBL415521,0,0,2.7360609e-06
P35372,CHEMBL126141,0,0,2.7019576e-06
P28566,CHEMBL1258452,0,0,2.6388839e-06
P27338,CHEMBL41312,0,0,2.6314879e-06
P27338,CHEMBL289967,0,0,2.6314879e-06
P78334,CHEMBL13458,0,0,2.6180332e-06
P31645,CHEMBL1201203,0,0,2.6090406e-06
Q8WXA8,CHEMBL44236,0,0,2.5915328e-06
Q8N1C3,CHEMBL148490,0,0,2.5797658e-06
A5X5Y0,CHEMBL9434,0,0,2.5694778e-06
P21918,CHEMBL196598,0,0,2.5580212e-06
P46098,CHEMBL206666,0,0,2.556631e-06
P27338,CHEMBL62743,0,0,2.4999897e-06
O15399,CHEMBL2397100,0,0,2.4601702e-06
A5X5Y0,CHEMBL131525,0,0,2.4459e-06
Q9UJ96,CHEMBL337825,0,0,2.397307e-06
P31645,CHEMBL347772,0,0,2.3923694e-06
P27338,CHEMBL40948,0,0,2.343677e-06
P78334,CHEMBL523,0,0,2.3259931e-06
P28335,CHEMBL452861,0,0,2.3183927e-06
Q9UN88,CHEMBL150738,0,0,2.3147209e-06
O00591,CHEMBL91151,0,0,2.281483e-06
Q99250,CHEMBL109012,0,0,2.246489e-06
P78334,CHEMBL88648,0,0,2.2323636e-06
P35499,CHEMBL486721,0,0,2.1922237e-06
P35499,CHEMBL485004,0,0,2.1922237e-06
P35372,CHEMBL338089,0,0,2.1667581e-06
P35367,CHEMBL155328,0,0,2.14831e-06
P21918,CHEMBL201232,0,0,2.117825e-06
Q99250,CHEMBL16,0,0,2.009949e-06
P78334,CHEMBL148490,0,0,1.9914185e-06
P28566,CHEMBL266591,0,0,1.9506194e-06
Q08462,CHEMBL4761233,0,0,1.9435465e-06
Q8N1C3,CHEMBL150639,0,0,1.8902408e-06
Q9UN88,CHEMBL417990,0,0,1.8678128e-06
Q01118,CHEMBL3891495,0,0,1.751311e-06
O00591,CHEMBL13458,0,0,1.7165078e-06
P27338,CHEMBL445916,0,0,1.7114438e-06
Q99250,CHEMBL431643,0,0,1.7035965e-06
P28222,CHEMBL136962,0,0,1.6898618e-06
P35499,CHEMBL108,0,0,1.687435e-06
P41145,CHEMBL338980,0,0,1.6870359e-06
Q8WXA8,CHEMBL336107,0,0,1.6552169e-06
P28335,CHEMBL300209,0,0,1.6475457e-06
O00591,CHEMBL523,0,0,1.6462625e-06
O00206,CHEMBL535159,0,0,1.588731e-06
P27338,CHEMBL40901,0,0,1.5779588e-06
O00591,CHEMBL88648,0,0,1.5661644e-06
O00591,CHEMBL148490,0,0,1.5064859e-06
O00206,CHEMBL538329,0,0,1.4938105e-06
P78334,CHEMBL150639,0,0,1.4861756e-06
P35499,CHEMBL485003,0,0,1.435729e-06
P35499,CHEMBL519199,0,0,1.435729e-06
P35372,CHEMBL320582,0,0,1.435128e-06
P18089,CHEMBL70326,0,0,1.4147296e-06
Q8WXA8,CHEMBL9434,0,0,1.3719747e-06
P41145,CHEMBL554230,0,0,1.3189775e-06
Q99250,CHEMBL503978,0,0,1.3055493e-06
Q9UN88,CHEMBL91151,0,0,1.2999238e-06
Q8WXA8,CHEMBL131525,0,0,1.2806323e-06
P30939,CHEMBL333784,0,0,1.2624082e-06
Q9UJ96,CHEMBL375083,0,0,1.2462132e-06
O00206,CHEMBL3261027,0,0,1.2403855e-06
P30939,CHEMBL71707,0,0,1.2285328e-06
Q08462,CHEMBL4763027,0,0,1.1889499e-06
Q9Y5Y9,CHEMBL400261,0,0,1.1705505e-06
P46098,CHEMBL268800,0,0,1.1660136e-06
Q08462,CHEMBL4781262,0,0,1.1246215e-06
A5X5Y0,CHEMBL131145,0,0,1.1178283e-06
Q99250,CHEMBL250699,0,0,1.1031009e-06
O15399,CHEMBL2333945,0,0,1.095097e-06
Q9UN88,CHEMBL13458,0,0,1.0744035e-06
P27338,CHEMBL304241,0,0,1.0642648e-06
P17342,CHEMBL5191995,0,0,1.0642079e-06
P41145,CHEMBL126370,0,0,1.0119429e-06
P21728,CHEMBL240773,0,0,1.0080515e-06
Q8N1C3,CHEMBL13290,0,0,9.844644e-07
P18089,CHEMBL315538,0,0,9.817379e-07
O00591,CHEMBL150639,0,0,9.615052e-07
P28335,CHEMBL142316,0,0,9.606006e-07
P35499,CHEMBL147507,0,0,9.497687e-07
P35499,CHEMBL146855,0,0,9.497687e-07
P35372,CHEMBL278078,0,0,9.3663704e-07
P28566,CHEMBL95104,0,0,9.26404e-07
O15399,CHEMBL4447266,0,0,9.2110423e-07
Q9UN88,CHEMBL523,0,0,9.1325825e-07
Q9UN88,CHEMBL88648,0,0,9.0049133e-07
Q99250,CHEMBL320332,0,0,8.5264213e-07
P49789,CHEMBL5070193,0,0,8.430776e-07
Q99250,CHEMBL106463,0,0,8.4232533e-07
P46098,CHEMBL313631,0,0,8.3072115e-07
P35372,CHEMBL108417,0,0,8.097551e-07
P78334,CHEMBL13290,0,0,7.689864e-07
P41595,CHEMBL291536,0,0,7.674889e-07
Q8N1C3,CHEMBL358422,0,0,7.607164e-07
P28566,CHEMBL229429,0,0,7.563543e-07
P18825,CHEMBL70973,0,0,7.51413e-07
P28566,CHEMBL1258223,0,0,7.167011e-07
P31645,CHEMBL540333,1,0,7.121899e-07
Q9UN88,CHEMBL148490,0,0,7.0856e-07
Q01118,CHEMBL3935365,0,0,6.9766264e-07
P28566,CHEMBL1330917,0,0,6.800917e-07
P21728,CHEMBL225230,0,0,6.7717093e-07
P35367,CHEMBL157328,0,0,6.7332655e-07
P18825,CHEMBL71479,0,0,6.479698e-07
P21918,CHEMBL372453,0,0,6.368596e-07
P21918,CHEMBL535374,0,0,6.3306345e-07
Q9UN88,CHEMBL150639,0,0,6.200479e-07
P78334,CHEMBL358422,0,0,5.994668e-07
Q8WXA8,CHEMBL131145,0,0,5.903226e-07
P28566,CHEMBL497963,0,0,5.8261054e-07
P21918,CHEMBL557171,0,0,5.798573e-07
P28566,CHEMBL267014,0,0,5.6688e-07
P28566,CHEMBL71707,0,0,5.3694663e-07
Q99250,CHEMBL421032,0,0,5.225592e-07
P41145,CHEMBL106043,0,0,5.145926e-07
P21918,CHEMBL557782,0,0,5.0746996e-07
O00591,CHEMBL13290,0,0,5.056487e-07
A5X5Y0,CHEMBL336079,0,0,4.936575e-07
P28566,CHEMBL68131,0,0,4.6912626e-07
P35499,CHEMBL3113255,0,0,4.5457136e-07
P21918,CHEMBL556194,0,0,4.3653753e-07
A5X5Y0,CHEMBL20969,0,0,4.3052648e-07
O75881,CHEMBL5574621,0,0,4.2522106e-07
Q99250,CHEMBL320248,0,0,4.2133857e-07
P28566,CHEMBL333784,0,0,4.1345447e-07
Q8N1C3,CHEMBL150977,0,0,3.91738e-07
P35372,CHEMBL2369407,0,0,3.8481085e-07
P28566,CHEMBL268800,0,0,3.8470776e-07
P31645,CHEMBL149246,0,0,3.828627e-07
O00591,CHEMBL358422,0,0,3.7882975e-07
P28566,CHEMBL187928,0,0,3.589042e-07
A5X5Y0,CHEMBL334036,0,0,3.55594e-07
P28335,CHEMBL50834,0,0,3.5436378e-07
P46098,CHEMBL183776,0,0,3.4906955e-07
P28335,CHEMBL298544,0,0,3.406382e-07
P41145,CHEMBL127788,0,0,3.4005103e-07
P18089,CHEMBL74071,0,0,3.2498963e-07
Q01118,CHEMBL3969113,0,0,3.2189766e-07
P21918,CHEMBL196370,0,0,3.20188e-07
Q9UN88,CHEMBL13290,0,0,3.1271242e-07
P78334,CHEMBL150977,0,0,3.084367e-07
A5X5Y0,CHEMBL335754,0,0,3.070166e-07
Q99250,CHEMBL105997,0,0,3.0513678e-07
P35499,CHEMBL501346,0,0,3.044081e-07
P28566,CHEMBL339980,0,0,2.8503112e-07
P35372,CHEMBL423694,0,0,2.7247341e-07
Q8N1C3,CHEMBL150784,0,0,2.721109e-07
Q8WXA8,CHEMBL336079,0,0,2.6495204e-07
Q9UN88,CHEMBL358422,0,0,2.6462376e-07
Q99250,CHEMBL106610,0,0,2.623627e-07
P28566,CHEMBL414628,0,0,2.6053456e-07
P21728,CHEMBL432579,0,0,2.5485778e-07
Q08462,CHEMBL4795137,0,0,2.4991408e-07
P27338,CHEMBL40735,0,0,2.4464129e-07
Q99250,CHEMBL322055,0,0,2.3609141e-07
Q01118,CHEMBL3950180,0,0,2.3312822e-07
P41145,CHEMBL126255,0,0,2.3187587e-07
Q8WXA8,CHEMBL20969,0,0,2.2964613e-07
Q08462,CHEMBL4751176,0,0,2.2896778e-07
P41145,CHEMBL126946,0,0,2.2348806e-07
P78334,CHEMBL150784,0,0,2.1343487e-07
P35499,CHEMBL3113261,0,0,2.1154177e-07
Q8N1C3,CHEMBL89600,0,0,1.997504e-07
O00591,CHEMBL150977,0,0,1.9407241e-07
Q8WXA8,CHEMBL334036,0,0,1.9201053e-07
P35372,CHEMBL324635,0,0,1.8811255e-07
P31645,CHEMBL607431,0,0,1.7711866e-07
P31645,CHEMBL607430,0,0,1.7711866e-07
P31645,CHEMBL607377,0,0,1.7711866e-07
P31645,CHEMBL310650,0,0,1.7711866e-07
Q08462,CHEMBL4782169,0,0,1.7228565e-07
P27338,CHEMBL156630,0,0,1.7057654e-07
P41145,CHEMBL339898,0,0,1.6688801e-07
Q8WXA8,CHEMBL335754,0,0,1.6492798e-07
O15399,CHEMBL2333943,0,0,1.6151895e-07
P78334,CHEMBL89600,0,0,1.5731761e-07
Q08462,CHEMBL4798759,0,0,1.5295034e-07
Q08462,CHEMBL5403024,0,0,1.4850364e-07
P41145,CHEMBL127495,0,0,1.4502953e-07
Q8N1C3,CHEMBL57418,0,0,1.433325e-07
O00591,CHEMBL150784,0,0,1.3884342e-07
P35499,CHEMBL387108,0,0,1.354428e-07
P35499,CHEMBL222944,0,0,1.354428e-07
Q9UN88,CHEMBL150977,0,0,1.3498709e-07
P30939,CHEMBL282199,0,0,1.2383543e-07
P25100,CHEMBL762,0,0,1.2366114e-07
P35372,CHEMBL129315,0,0,1.212197e-07
O00206,CHEMBL3087263,0,0,1.1994612e-07
P21917,CHEMBL110120,0,0,1.1458434e-07
Q99250,CHEMBL110409,0,0,1.1360669e-07
P78334,CHEMBL57418,0,0,1.1261611e-07
P21918,CHEMBL197796,0,0,1.0217852e-07
O00591,CHEMBL89600,0,0,9.989573e-08
P35499,CHEMBL151508,0,0,9.907052e-08
P35499,CHEMBL357719,0,0,9.907052e-08
A5X5Y0,CHEMBL291064,0,0,9.6716136e-08
P18825,CHEMBL61861,0,0,9.0537924e-08
Q9UN88,CHEMBL150784,0,0,8.98594e-08
Q8N1C3,CHEMBL974,0,0,8.777665e-08
Q99250,CHEMBL108728,0,0,8.475923e-08
P21918,CHEMBL558364,0,0,8.1190656e-08
Q08462,CHEMBL4754971,0,0,7.9519204e-08
Q8N1C3,CHEMBL268254,0,0,7.897416e-08
Q08462,CHEMBL4747654,0,0,7.625992e-08
Q01118,CHEMBL3962762,0,0,7.401833e-08
P35499,CHEMBL151557,0,0,7.381714e-08
P35499,CHEMBL347767,0,0,7.381714e-08
Q99250,CHEMBL108361,0,0,7.231308e-08
O00591,CHEMBL57418,0,0,7.1837015e-08
P28335,CHEMBL500,0,0,7.128817e-08
Q9UN88,CHEMBL89600,0,0,6.894124e-08
Q9Y5Y9,CHEMBL1631099,0,0,6.849847e-08
P78334,CHEMBL974,0,0,6.840708e-08
P27338,CHEMBL41827,0,0,6.6314435e-08
P46098,CHEMBL138809,0,0,6.437107e-08
P78334,CHEMBL268254,0,0,6.099717e-08
P46098,CHEMBL138458,0,0,5.5527444e-08
P21918,CHEMBL197408,0,0,5.2477453e-08
P28566,CHEMBL282199,0,0,4.905058e-08
Q9UN88,CHEMBL57418,0,0,4.9002516e-08
Q01118,CHEMBL5197085,0,0,4.8254492e-08
Q8WXA8,CHEMBL291064,0,0,4.7050627e-08
O00206,CHEMBL3261021,0,0,4.6537693e-08
P08913,CHEMBL1076,0,0,4.6403233e-08
O00591,CHEMBL974,0,0,4.6341583e-08
P27338,CHEMBL541281,0,0,4.5879506e-08
P35367,CHEMBL287052,0,0,4.5710053e-08
P25100,CHEMBL97859,0,0,4.542723e-08
Q99250,CHEMBL106434,0,0,4.4327287e-08
P35499,CHEMBL3113249,0,0,4.406386e-08
O00591,CHEMBL268254,0,0,4.2059664e-08
Q99250,CHEMBL558,0,0,4.127874e-08
P25103,CHEMBL305608,0,0,4.1221462e-08
O00206,CHEMBL3261010,0,0,4.0827565e-08
Q99250,CHEMBL698,0,0,4.0544858e-08
P27338,CHEMBL291647,0,0,3.8426514e-08
Q99250,CHEMBL446905,0,0,3.7175834e-08
Q8N1C3,CHEMBL85481,0,0,3.665914e-08
P41145,CHEMBL126884,0,0,3.569714e-08
Q9Y5Y9,CHEMBL741,0,0,3.432679e-08
P35367,CHEMBL154068,0,0,3.3638845e-08
P35499,CHEMBL3113254,0,0,3.2841804e-08
P21728,CHEMBL531,0,0,3.104345e-08
P49789,CHEMBL5083554,0,0,3.0076983e-08
P35372,CHEMBL2369394,0,0,2.9585447e-08
P18825,CHEMBL70740,0,0,2.9194176e-08
O60391,CHEMBL319835,0,0,2.901288e-08
O60391,CHEMBL97051,0,0,2.901288e-08
P78334,CHEMBL85481,0,0,2.8871671e-08
P46098,CHEMBL100086,0,0,2.7694476e-08
Q9UN88,CHEMBL974,0,0,2.7538823e-08
P41145,CHEMBL126857,0,0,2.751567e-08
P28566,CHEMBL323356,0,0,2.721539e-08
Q08462,CHEMBL4794886,0,0,2.6804496e-08
Q99250,CHEMBL307395,0,0,2.6540413e-08
P28566,CHEMBL188486,0,0,2.5057506e-08
P41145,CHEMBL106785,0,0,2.4563246e-08
Q99250,CHEMBL28854,0,0,2.4447889e-08
P28566,CHEMBL595449,0,0,2.4362564e-08
P27338,CHEMBL156931,0,0,2.3686578e-08
Q9UN88,CHEMBL268254,0,0,2.3301391e-08
Q9UJ96,CHEMBL5559571,0,0,2.294543e-08
Q01118,CHEMBL3942849,0,0,2.2821126e-08
P28566,CHEMBL282829,0,0,2.2052646e-08
Q8N1C3,CHEMBL13039,0,0,2.1068484e-08
P46098,CHEMBL203627,0,0,2.0453292e-08
Q8N1C3,CHEMBL74354,0,0,2.014161e-08
Q8N1C3,CHEMBL346213,0,0,2.000218e-08
O00206,CHEMBL3261037,0,0,1.9863146e-08
Q8N1C3,CHEMBL57743,0,0,1.9815353e-08
P28566,CHEMBL522708,0,0,1.9380492e-08
P35367,CHEMBL156131,0,0,1.8977023e-08
O00591,CHEMBL85481,0,0,1.8333338e-08
P41145,CHEMBL321462,0,0,1.8168752e-08
O00206,CHEMBL499811,0,0,1.809157e-08
P41145,CHEMBL129693,0,0,1.70763e-08
Q99250,CHEMBL466587,0,0,1.6802195e-08
P21918,CHEMBL554303,0,0,1.6791622e-08
P35499,CHEMBL487338,0,0,1.6677355e-08
P78334,CHEMBL13039,0,0,1.6564812e-08
Q99250,CHEMBL105929,0,0,1.5867634e-08
P78334,CHEMBL74354,0,0,1.582369e-08
P78334,CHEMBL346213,0,0,1.5716488e-08
P78334,CHEMBL57743,0,0,1.5592635e-08
P35372,CHEMBL327118,0,0,1.490794e-08
Q99250,CHEMBL106356,0,0,1.4639881e-08
P35499,CHEMBL484996,0,0,1.4400244e-08
P35499,CHEMBL484981,0,0,1.4400244e-08
O60391,CHEMBL222519,0,0,1.4054889e-08
P41145,CHEMBL419179,0,0,1.3824642e-08
A5X5Y0,CHEMBL419966,0,0,1.3564336e-08
P35499,CHEMBL2021481,0,0,1.3492345e-08
P35499,CHEMBL2021482,0,0,1.3492345e-08
O00206,CHEMBL3261011,0,0,1.346607e-08
Q8N1C3,CHEMBL269232,0,0,1.3108595e-08
P35372,CHEMBL320804,0,0,1.2914279e-08
P35372,CHEMBL106235,0,0,1.2914279e-08
Q9UN88,CHEMBL85481,0,0,1.2652446e-08
A5X5Y0,CHEMBL131074,0,0,1.2538238e-08
P46098,CHEMBL141209,0,0,1.1181323e-08
P27338,CHEMBL348607,0,0,1.0721599e-08
O00591,CHEMBL13039,0,0,1.0653777e-08
P21918,CHEMBL194206,0,0,1.037931e-08
O00591,CHEMBL74354,0,0,1.0325621e-08
P41145,CHEMBL339922,0,0,1.030117e-08
P35499,CHEMBL3113253,0,0,1.028976e-08
O00591,CHEMBL346213,0,0,1.00034505e-08
P41145,CHEMBL415521,0,0,9.97451e-09
P78334,CHEMBL269232,0,0,9.970249e-09
O00591,CHEMBL57743,0,0,9.892943e-09
P46098,CHEMBL229999,0,0,9.402212e-09
Q8N1C3,CHEMBL346836,0,0,8.93165e-09
P27338,CHEMBL24172,0,0,8.923323e-09
Q8N1C3,CHEMBL348694,0,0,8.912471e-09
P35367,CHEMBL322678,0,0,8.872342e-09
P28335,CHEMBL358895,0,0,8.601518e-09
Q8N1C3,CHEMBL147024,0,0,8.3285645e-09
Q99250,CHEMBL629,0,0,8.2483345e-09
Q99250,CHEMBL106210,0,0,8.239184e-09
P21918,CHEMBL432579,0,0,8.1654035e-09
P41145,CHEMBL320582,0,0,7.920115e-09
Q99250,CHEMBL107354,0,0,7.795377e-09
P25100,CHEMBL98167,0,0,7.622877e-09
O60391,CHEMBL42805,0,0,7.545544e-09
Q9Y5Y9,CHEMBL3236329,0,0,7.316461e-09
Q8WXA8,CHEMBL419966,0,0,7.2898976e-09
P28335,CHEMBL299213,0,0,7.288966e-09
P41145,CHEMBL126141,1,0,7.1665505e-09
P35499,CHEMBL443041,0,0,7.1328126e-09
P35499,CHEMBL150055,0,0,7.1328126e-09
Q9UN88,CHEMBL13039,0,0,7.1111326e-09
P78334,CHEMBL346836,0,0,7.0295054e-09
P78334,CHEMBL348694,0,0,7.010332e-09
Q9UN88,CHEMBL57743,0,0,6.814673e-09
Q9UN88,CHEMBL346213,0,0,6.7961627e-09
O00591,CHEMBL269232,0,0,6.778867e-09
P35367,CHEMBL430502,0,0,6.741397e-09
Q8N1C3,CHEMBL58666,0,0,6.6606596e-09
Q9UN88,CHEMBL74354,0,0,6.6600623e-09
P41145,CHEMBL338089,0,0,6.643493e-09
P78334,CHEMBL147024,0,0,6.553707e-09
P35367,CHEMBL511,0,0,6.39796e-09
P25100,CHEMBL419164,0,0,6.3174057e-09
Q8WXA8,CHEMBL131074,0,0,6.308231e-09
P17342,CHEMBL5198683,0,0,6.2550582e-09
O15399,CHEMBL5092058,0,0,5.7602096e-09
O00206,CHEMBL3261018,0,0,5.752513e-09
P35368,CHEMBL97859,0,0,5.3330877e-09
P78334,CHEMBL58666,0,0,5.2095466e-09
Q8N1C3,CHEMBL292622,0,0,5.0440967e-09
Q8N1C3,CHEMBL59072,0,0,4.7392406e-09
P35499,CHEMBL741,0,0,4.5547806e-09
O00591,CHEMBL348694,0,0,4.455732e-09
O00591,CHEMBL346836,0,0,4.443248e-09
P34903,CHEMBL911,0,0,4.425309e-09
Q8N1C3,CHEMBL356900,0,0,4.3683754e-09
Q01118,CHEMBL3893530,0,0,4.346716e-09
Q8N1C3,CHEMBL358426,0,0,4.2148063e-09
O00591,CHEMBL147024,0,0,4.1580814e-09
P41145,CHEMBL278078,0,0,4.0371444e-09
P78334,CHEMBL292622,0,0,3.9725836e-09
P21918,CHEMBL557582,0,0,3.9482977e-09
P41145,CHEMBL108417,0,0,3.8719823e-09
A5X5Y0,CHEMBL128047,0,0,3.767801e-09
P49789,CHEMBL5093727,0,0,3.579578e-09
P78334,CHEMBL59072,0,0,3.5463736e-09
Q9UN88,CHEMBL269232,0,0,3.5208298e-09
P28566,CHEMBL425190,0,0,3.475685e-09
Q8N1C3,CHEMBL146817,0,0,3.465676e-09
P78334,CHEMBL356900,0,0,3.4424006e-09
O00591,CHEMBL58666,0,0,3.3691543e-09
P78334,CHEMBL358426,0,0,3.3166105e-09
O00206,CHEMBL3261013,0,0,3.2352796e-09
O00206,CHEMBL3261015,0,0,3.1579424e-09
A5X5Y0,CHEMBL13791,0,0,3.1560876e-09
Q9UN88,CHEMBL346836,0,0,3.0862304e-09
Q9UN88,CHEMBL348694,0,0,3.0561624e-09
Q9UN88,CHEMBL147024,0,0,2.86783e-09
Q99250,CHEMBL110352,0,0,2.8413636e-09
P21728,CHEMBL294649,0,0,2.828063e-09
P35499,CHEMBL3113252,0,0,2.8190474e-09
P78334,CHEMBL146817,0,0,2.7237395e-09
P35367,CHEMBL157842,0,0,2.6963285e-09
P35367,CHEMBL152122,0,0,2.6963285e-09
O00591,CHEMBL292622,0,0,2.5225668e-09
O00591,CHEMBL59072,0,0,2.4850453e-09
Q99250,CHEMBL320314,0,0,2.4139832e-09
Q9UN88,CHEMBL58666,0,0,2.220242e-09
P17342,CHEMBL5199911,0,0,2.1807274e-09
O00591,CHEMBL356900,0,0,2.168599e-09
O00591,CHEMBL358426,0,0,2.1042692e-09
P35499,CHEMBL424515,0,0,2.0979614e-09
Q8WXA8,CHEMBL128047,0,0,2.0852828e-09
A5X5Y0,CHEMBL14047,0,0,1.8241733e-09
Q9ULU4,CHEMBL3745885,0,0,1.7822086e-09
Q9UN88,CHEMBL292622,0,0,1.7427045e-09
O00591,CHEMBL146817,0,0,1.7291658e-09
Q8N1C3,CHEMBL13095,0,0,1.7265885e-09
A5X5Y0,CHEMBL43459,0,0,1.7205364e-09
P35367,CHEMBL11603,0,0,1.6972254e-09
Q8N1C3,CHEMBL58564,0,0,1.6505859e-09
Q8WXA8,CHEMBL13791,0,0,1.6121686e-09
Q99250,CHEMBL2164044,0,0,1.5532311e-09
A5X5Y0,CHEMBL59517,0,0,1.5289843e-09
Q9UN88,CHEMBL356900,0,0,1.5195849e-09
P35499,CHEMBL3113251,0,0,1.5078054e-09
Q8N1C3,CHEMBL151121,0,0,1.4721918e-09
Q9UN88,CHEMBL358426,0,0,1.4502746e-09
P49789,CHEMBL1520857,0,0,1.4313595e-09
P21918,CHEMBL540867,0,0,1.418431e-09
P35499,CHEMBL356399,0,0,1.4046841e-09
P35499,CHEMBL147168,0,0,1.4046841e-09
P78334,CHEMBL13095,0,0,1.3586441e-09
O00206,CHEMBL534488,0,0,1.3265993e-09
P35368,CHEMBL98167,0,0,1.3236194e-09
Q8N1C3,CHEMBL151574,0,0,1.3080865e-09
P35499,CHEMBL473705,0,0,1.278816e-09
P35499,CHEMBL473706,0,0,1.278816e-09
P78334,CHEMBL58564,0,0,1.2766348e-09
P17342,CHEMBL5194742,0,0,1.2668715e-09
Q9UN88,CHEMBL146817,0,0,1.1948078e-09
P78334,CHEMBL151121,0,0,1.1577118e-09
P35368,CHEMBL419164,0,0,1.1505882e-09
Q9UN88,CHEMBL59072,0,0,1.1491933e-09
P27338,CHEMBL160219,0,0,1.0238327e-09
P78334,CHEMBL151574,0,0,1.0204929e-09
Q8WXA8,CHEMBL14047,0,0,1.0111676e-09
Q9Y5Y9,CHEMBL1631095,0,0,9.729072e-10
Q8N1C3,CHEMBL294170,0,0,9.59462e-10
P41145,CHEMBL423694,0,0,8.956945e-10
P17342,CHEMBL5174523,0,0,8.674566e-10
O00591,CHEMBL58564,0,0,8.6247426e-10
O00591,CHEMBL13095,0,0,8.6200885e-10
Q8WXA8,CHEMBL43459,0,0,8.422412e-10
P41145,CHEMBL324635,0,0,8.336363e-10
Q8N1C3,CHEMBL151984,0,0,8.2867435e-10
Q8WXA8,CHEMBL59517,0,0,8.152141e-10
P35372,CHEMBL413729,0,0,8.111009e-10
P18089,CHEMBL542402,0,0,7.7081996e-10
P78334,CHEMBL294170,0,0,7.549945e-10
O00591,CHEMBL151121,0,0,7.3026274e-10
P25100,CHEMBL101322,0,0,6.9894335e-10
O00591,CHEMBL151574,0,0,6.6464806e-10
Q99250,CHEMBL105782,0,0,6.5390693e-10
P78334,CHEMBL151984,0,0,6.500569e-10
Q9UN88,CHEMBL13095,0,0,5.937866e-10
Q08462,CHEMBL4759872,0,0,5.5297195e-10
P35367,CHEMBL102925,0,0,5.516709e-10
P35499,CHEMBL3113245,0,0,5.1780713e-10
Q9UN88,CHEMBL151121,0,0,5.064735e-10
P21918,CHEMBL534478,0,0,5.050429e-10
Q9UN88,CHEMBL58564,0,0,5.002875e-10
P28566,CHEMBL283036,0,0,4.910033e-10
O00591,CHEMBL294170,0,0,4.792378e-10
P17342,CHEMBL5178415,0,0,4.4262777e-10
A5X5Y0,CHEMBL132047,0,0,4.4182816e-10
P41145,CHEMBL129315,0,0,4.3440615e-10
Q9UN88,CHEMBL151574,0,0,4.238489e-10
P21918,CHEMBL540613,0,0,4.233617e-10
P17342,CHEMBL5207048,0,0,4.2092846e-10
O00591,CHEMBL151984,0,0,4.13236e-10
Q08462,CHEMBL4761430,0,0,4.0125153e-10
Q99250,CHEMBL744,0,0,3.9793915e-10
P27338,CHEMBL43237,0,0,3.9313802e-10
P27338,CHEMBL346766,0,0,3.4531836e-10
Q9UN88,CHEMBL294170,0,0,3.2996544e-10
P35499,CHEMBL3113247,0,0,3.2223146e-10
P35499,CHEMBL3113248,0,0,3.2223146e-10
O15399,CHEMBL1215292,0,0,3.1557731e-10
P27338,CHEMBL303594,0,0,3.1075112e-10
P18089,CHEMBL70563,0,0,3.0678066e-10
P27338,CHEMBL350464,0,0,3.00742e-10
Q9UN88,CHEMBL151984,0,0,2.8052505e-10
P35499,CHEMBL502686,0,0,2.7357655e-10
P35499,CHEMBL473499,0,0,2.7357655e-10
Q8N1C3,CHEMBL57419,0,0,2.631542e-10
P28566,CHEMBL1380914,0,0,2.6302474e-10
Q8N1C3,CHEMBL151386,0,0,2.59671e-10
Q99250,CHEMBL2164042,0,0,2.4717184e-10
Q8WXA8,CHEMBL132047,0,0,2.3262998e-10
Q08462,CHEMBL4763908,1,0,2.2605146e-10
P28566,CHEMBL495075,0,0,2.1637393e-10
Q99250,CHEMBL432963,0,0,2.1428671e-10
P78334,CHEMBL57419,0,0,2.0578843e-10
P78334,CHEMBL151386,0,0,2.0445315e-10
P28566,CHEMBL287671,0,0,1.8857321e-10
P35367,CHEMBL359122,0,0,1.8676165e-10
P35367,CHEMBL157273,0,0,1.8676165e-10
Q8N1C3,CHEMBL60932,0,0,1.8296187e-10
P27338,CHEMBL66639,0,0,1.81474e-10
P35372,CHEMBL106359,0,0,1.7971111e-10
P28566,CHEMBL435949,0,0,1.7657836e-10
P21918,CHEMBL559164,0,0,1.74422e-10
P35367,CHEMBL11584,0,0,1.733719e-10
O00206,CHEMBL3261016,0,0,1.6335285e-10
Q99250,CHEMBL741,0,0,1.5405112e-10
P78334,CHEMBL60932,0,0,1.4402454e-10
Q8N1C3,CHEMBL90790,0,0,1.4289064e-10
Q99250,CHEMBL110788,0,0,1.3831934e-10
P35367,CHEMBL101634,0,0,1.3781924e-10
P35367,CHEMBL102840,0,0,1.3463078e-10
P35499,CHEMBL3113243,0,0,1.3410334e-10
O00591,CHEMBL57419,0,0,1.3252684e-10
O00591,CHEMBL151386,0,0,1.2864458e-10
P27338,CHEMBL348083,0,0,1.277667e-10
P35367,CHEMBL319231,0,0,1.2510563e-10
P27338,CHEMBL158041,0,0,1.2225441e-10
P35368,CHEMBL101322,0,0,1.1803379e-10
P35367,CHEMBL104618,0,0,1.1689297e-10
P78334,CHEMBL90790,0,0,1.12131124e-10
P21918,CHEMBL558040,0,0,1.0855339e-10
Q8N1C3,CHEMBL57474,0,0,1.0811244e-10
O15399,CHEMBL1179605,0,0,1.01306866e-10
P21918,CHEMBL419505,0,0,9.737458e-11
P28566,CHEMBL28997,0,0,9.4390204e-11
O00206,CHEMBL534939,0,0,9.3581726e-11
P35367,CHEMBL154695,0,0,9.159123e-11
O00591,CHEMBL60932,0,0,9.1376434e-11
Q9UN88,CHEMBL151386,0,0,9.0007654e-11
Q9UN88,CHEMBL57419,0,0,8.700461e-11
P17342,CHEMBL5193490,0,0,8.5590895e-11
P78334,CHEMBL57474,0,0,8.507316e-11
P28566,CHEMBL426317,0,0,8.209042e-11
P27338,CHEMBL347197,0,0,7.978831e-11
P17342,CHEMBL5208520,0,0,7.780307e-11
Q8N1C3,CHEMBL13280,0,0,7.651566e-11
P28566,CHEMBL1526126,0,0,7.537366e-11
P27338,CHEMBL65252,0,0,7.4549825e-11
O00591,CHEMBL90790,0,0,7.159234e-11
P41145,CHEMBL327118,0,0,7.146014e-11
Q8N1C3,CHEMBL1908326,0,0,6.8215586e-11
Q9UN88,CHEMBL60932,0,0,6.3198335e-11
Q8N1C3,CHEMBL58160,0,0,6.2609126e-11
P17342,CHEMBL5178801,0,0,6.106064e-11
P18089,CHEMBL298612,0,0,5.983281e-11
P18089,CHEMBL294649,0,0,5.983281e-11
P78334,CHEMBL13280,0,0,5.926209e-11
P49789,CHEMBL265502,0,0,5.910191e-11
P28335,CHEMBL163180,0,0,5.9032064e-11
P35499,CHEMBL452986,0,0,5.888138e-11
P35499,CHEMBL483784,0,0,5.888138e-11
Q01118,CHEMBL3903851,0,0,5.86034e-11
Q99250,CHEMBL110502,0,0,5.825458e-11
P35367,CHEMBL156071,0,0,5.6361676e-11
P35367,CHEMBL94249,0,0,5.6361676e-11
P35367,CHEMBL158352,0,0,5.6361676e-11
P35367,CHEMBL345185,0,0,5.6361676e-11
P35367,CHEMBL155314,0,0,5.6361676e-11
P35367,CHEMBL90063,0,0,5.6361676e-11
P35367,CHEMBL554031,0,0,5.6361676e-11
P35367,CHEMBL155188,0,0,5.6361676e-11
P41145,CHEMBL320804,0,0,5.48456e-11
P41145,CHEMBL106235,0,0,5.48456e-11
O00591,CHEMBL57474,0,0,5.3975734e-11
P35372,CHEMBL2369408,0,0,5.1828018e-11
P35367,CHEMBL32813,0,0,5.1612277e-11
P78334,CHEMBL1908326,0,0,4.9704955e-11
P78334,CHEMBL58160,0,0,4.926691e-11
P35367,CHEMBL105071,0,0,4.910817e-11
Q9UN88,CHEMBL90790,0,0,4.8212833e-11
Q8N1C3,CHEMBL293097,0,0,4.108623e-11
Q8N1C3,CHEMBL151548,0,0,4.0413853e-11
P35499,CHEMBL485647,0,0,3.996748e-11
P35499,CHEMBL468775,0,0,3.996748e-11
O00591,CHEMBL13280,0,0,3.8247523e-11
Q99250,CHEMBL110516,0,0,3.808221e-11
O00591,CHEMBL1908326,0,0,3.7466853e-11
Q9UN88,CHEMBL57474,0,0,3.7180672e-11
P78334,CHEMBL293097,0,0,3.235838e-11
P78334,CHEMBL151548,0,0,3.161724e-11
O00591,CHEMBL58160,0,0,3.125807e-11
P21918,CHEMBL539334,0,0,3.0556696e-11
P35367,CHEMBL102390,0,0,2.8139413e-11
P35499,CHEMBL3113263,0,0,2.7105266e-11
P35372,CHEMBL324897,0,0,2.70691e-11
O15399,CHEMBL1179566,0,0,2.6642674e-11
Q9UN88,CHEMBL13280,0,0,2.3832828e-11
P35367,CHEMBL321709,0,0,2.374716e-11
P21918,CHEMBL535151,0,0,2.341715e-11
P35367,CHEMBL104808,0,0,2.290355e-11
Q99250,CHEMBL107394,0,0,2.2001357e-11
Q9UN88,CHEMBL58160,0,0,2.1531783e-11
P35367,CHEMBL107293,0,0,2.0697713e-11
O00591,CHEMBL293097,0,0,2.0573378e-11
O00591,CHEMBL151548,0,0,2.0331712e-11
P35499,CHEMBL3113244,0,0,1.9275727e-11
O00206,CHEMBL534490,0,0,1.8602599e-11
P35372,CHEMBL340131,0,0,1.815563e-11
P27338,CHEMBL293004,0,0,1.7988076e-11
P35367,CHEMBL320174,0,0,1.6879583e-11
Q8N1C3,CHEMBL276821,0,0,1.6293113e-11
P35372,CHEMBL129300,0,0,1.5965241e-11
P17342,CHEMBL61413,0,0,1.5910584e-11
P35499,CHEMBL3113246,0,0,1.5690945e-11
Q08462,CHEMBL4800461,0,0,1.5599097e-11
P35367,CHEMBL153994,0,0,1.5286503e-11
Q9UN88,CHEMBL293097,0,0,1.420024e-11
P35367,CHEMBL103027,0,0,1.417402e-11
Q9UN88,CHEMBL151548,0,0,1.349253e-11
Q9UN88,CHEMBL1908326,0,0,1.3460195e-11
P78334,CHEMBL276821,0,0,1.2815764e-11
Q99250,CHEMBL106351,0,0,1.274546e-11
P35499,CHEMBL3113250,0,0,1.2169182e-11
P21918,CHEMBL558766,0,0,1.1205026e-11
P35367,CHEMBL1241,0,0,1.0469902e-11
P21918,CHEMBL535823,0,0,9.212626e-12
Q8N1C3,CHEMBL341902,0,0,8.779355e-12
P27338,CHEMBL157182,0,0,8.289786e-12
P35372,CHEMBL110933,0,0,8.216478e-12
P35372,CHEMBL106366,0,0,8.216478e-12
P21918,CHEMBL553690,0,0,8.152506e-12
O00591,CHEMBL276821,0,0,8.145636e-12
P35367,CHEMBL346574,0,0,8.102697e-12
P78334,CHEMBL341902,0,0,6.7427114e-12
O00206,CHEMBL537645,0,0,6.2180426e-12
P35367,CHEMBL101748,0,0,5.997012e-12
Q9UN88,CHEMBL276821,0,0,5.58415e-12
O00591,CHEMBL341902,0,0,4.7121838e-12
P17342,CHEMBL5170051,0,0,4.3490316e-12
P21918,CHEMBL534706,0,0,4.1078373e-12
P27338,CHEMBL156861,0,0,3.91119e-12
P35499,CHEMBL3113258,0,0,3.7606515e-12
P35499,CHEMBL3113257,0,0,3.7606515e-12
P17342,CHEMBL5171798,0,0,3.702348e-12
O00206,CHEMBL3261012,0,0,3.5961744e-12
P28566,CHEMBL28651,0,0,3.5693187e-12
P18089,CHEMBL74114,0,0,3.3969472e-12
P35367,CHEMBL153919,0,0,3.3087263e-12
P35367,CHEMBL346993,0,0,3.1138267e-12
Q8N1C3,CHEMBL353133,0,0,2.9536445e-12
Q9Y5Y9,CHEMBL3236343,0,0,2.8235042e-12
P35499,CHEMBL501561,0,0,2.7994857e-12
P35499,CHEMBL486315,0,0,2.7994857e-12
P35367,CHEMBL102384,0,0,2.739449e-12
Q9UN88,CHEMBL341902,0,0,2.5244208e-12
P35367,CHEMBL275507,0,0,2.3794619e-12
Q8N1C3,CHEMBL147144,0,0,2.2738786e-12
P78334,CHEMBL353133,0,0,2.2694331e-12
P17342,CHEMBL5188425,0,0,2.202679e-12
P28566,CHEMBL28833,0,0,2.1886247e-12
P28566,CHEMBL28607,0,0,1.8259632e-12
P78334,CHEMBL147144,0,0,1.788574e-12
Q8N1C3,CHEMBL294873,0,0,1.5957927e-12
Q99250,CHEMBL108407,0,0,1.5686358e-12
P35367,CHEMBL350878,0,0,1.5598226e-12
P35367,CHEMBL104344,0,0,1.5228467e-12
O00591,CHEMBL353133,0,0,1.4794182e-12
Q8N1C3,CHEMBL13209,0,0,1.3993418e-12
P27338,CHEMBL155863,0,0,1.3683634e-12
P78334,CHEMBL294873,0,0,1.2415489e-12
P18089,CHEMBL762,0,0,1.2209583e-12
P35372,CHEMBL106155,0,0,1.197151e-12
P35372,CHEMBL322717,0,0,1.197151e-12
O00591,CHEMBL147144,0,0,1.1368087e-12
A5X5Y0,CHEMBL131771,0,0,1.1129745e-12
P18089,CHEMBL70634,0,0,1.1124248e-12
P78334,CHEMBL13209,0,0,1.0722231e-12
Q9UN88,CHEMBL353133,0,0,8.9745626e-13
P28566,CHEMBL516088,0,0,8.092315e-13
O00591,CHEMBL294873,0,0,8.014391e-13
Q9UN88,CHEMBL147144,0,0,7.8008054e-13
P17342,CHEMBL5180826,0,0,7.788183e-13
P35372,CHEMBL106084,0,0,7.2658817e-13
P35372,CHEMBL108995,0,0,7.2658817e-13
P27338,CHEMBL294811,0,0,7.2471136e-13
P21918,CHEMBL535602,0,0,7.1928287e-13
O00591,CHEMBL13209,0,0,7.0683867e-13
P41145,CHEMBL106359,0,0,6.971422e-13
P27338,CHEMBL156919,0,0,6.405053e-13
O15399,CHEMBL4435232,0,0,6.289068e-13
P21918,CHEMBL536044,0,0,6.1181474e-13
Q8WXA8,CHEMBL131771,0,0,5.978838e-13
Q08462,CHEMBL4745564,0,0,5.446047e-13
Q08462,CHEMBL4787822,0,0,5.382496e-13
Q08462,CHEMBL4743444,0,0,5.382496e-13
P17342,CHEMBL5177719,0,0,5.271246e-13
Q99250,CHEMBL108070,0,0,5.217332e-13
Q9UN88,CHEMBL294873,0,0,5.191404e-13
Q8N1C3,CHEMBL299256,0,0,4.1561305e-13
Q9UN88,CHEMBL13209,0,0,4.155972e-13
P18089,CHEMBL74467,0,0,4.1158976e-13
P21918,CHEMBL557840,0,0,4.0606128e-13
P18089,CHEMBL71001,0,0,3.9249908e-13
P35499,CHEMBL3113259,0,0,3.8998576e-13
P35499,CHEMBL3113260,0,0,3.8998576e-13
P35367,CHEMBL157264,0,0,3.4752737e-13
P78334,CHEMBL299256,0,0,3.270445e-13
P18089,CHEMBL544290,0,0,3.1711908e-13
P35372,CHEMBL107288,0,0,2.8737435e-13
P35372,CHEMBL108893,0,0,2.8737435e-13
Q8N1C3,CHEMBL1273,0,0,2.696431e-13
P28566,CHEMBL29808,0,0,2.520359e-13
P28566,CHEMBL489408,0,0,2.0887377e-13
P78334,CHEMBL1273,0,0,2.0766972e-13
O00591,CHEMBL299256,0,0,2.0749709e-13
P27338,CHEMBL155754,0,0,1.9756846e-13
P27338,CHEMBL155350,0,0,1.9440307e-13
O00206,CHEMBL535384,0,0,1.886589e-13
O00206,CHEMBL540367,0,0,1.886589e-13
Q99250,CHEMBL28853,0,0,1.6401228e-13
P35367,CHEMBL102331,0,0,1.6198402e-13
Q9UN88,CHEMBL299256,0,0,1.429324e-13
P27338,CHEMBL160836,0,0,1.3718566e-13
O00591,CHEMBL1273,0,0,1.3620196e-13
P35372,CHEMBL106190,0,0,1.294811e-13
P35372,CHEMBL110379,0,0,1.294811e-13
P41145,CHEMBL324897,0,0,1.1855752e-13
P35499,CHEMBL3113256,0,0,9.8689076e-14
O00206,CHEMBL537866,0,0,8.7682174e-14
P27338,CHEMBL65761,0,0,8.460005e-14
Q9UN88,CHEMBL1273,0,0,8.3166215e-14
P21918,CHEMBL540868,0,0,7.460747e-14
P25103,CHEMBL125093,0,0,7.202682e-14
P25103,CHEMBL339488,0,0,7.202682e-14
P18089,CHEMBL71479,0,0,7.0640434e-14
Q08462,CHEMBL4760156,0,0,5.375794e-14
P41145,CHEMBL129300,0,0,5.096052e-14
P18089,CHEMBL70973,0,0,4.6080198e-14
P28566,CHEMBL490634,0,0,4.130744e-14
P21918,CHEMBL536271,0,0,3.7665986e-14
Q8N1C3,CHEMBL314775,0,0,3.737921e-14
P28566,CHEMBL490632,0,0,3.725089e-14
P41145,CHEMBL340131,0,0,3.6599155e-14
P41145,CHEMBL110933,0,0,3.4143654e-14
P35367,CHEMBL274768,0,0,3.3021346e-14
P78334,CHEMBL314775,0,0,2.8587298e-14
Q8N1C3,CHEMBL345284,0,0,2.6474858e-14
P17342,CHEMBL5200513,0,0,2.1979932e-14
P78334,CHEMBL345284,0,0,2.0654143e-14
O00591,CHEMBL314775,0,0,1.9077347e-14
Q8N1C3,CHEMBL292757,0,0,1.3789232e-14
O00591,CHEMBL345284,0,0,1.3361235e-14
Q8N1C3,CHEMBL452,0,0,1.3160965e-14
O00206,CHEMBL1223751,0,0,1.305745e-14
P35367,CHEMBL321320,0,0,1.1013652e-14
P78334,CHEMBL292757,0,0,1.085068e-14
Q9UN88,CHEMBL314775,0,0,1.0682456e-14
Q8N1C3,CHEMBL87369,0,0,1.022462e-14
P18089,CHEMBL554416,0,0,1.0140834e-14
P17342,CHEMBL5174834,0,0,1.00319465e-14
P78334,CHEMBL452,0,0,9.98933e-15
O00206,CHEMBL537865,0,0,8.835888e-15
Q9UN88,CHEMBL345284,0,0,8.5747254e-15
P35367,CHEMBL274767,0,0,8.306028e-15
P78334,CHEMBL87369,0,0,7.788427e-15
O00591,CHEMBL452,0,0,6.977641e-15
O00591,CHEMBL292757,0,0,6.884337e-15
O00591,CHEMBL87369,0,0,5.2151183e-15
Q9UN88,CHEMBL292757,0,0,4.7422283e-15
P35499,CHEMBL3085869,0,0,4.642777e-15
P41145,CHEMBL322717,0,0,3.911579e-15
P41145,CHEMBL106155,0,0,3.911579e-15
Q9UN88,CHEMBL452,0,0,3.5014383e-15
P35499,CHEMBL3085876,0,0,3.3797961e-15
P27338,CHEMBL158946,0,0,2.87657e-15
Q9UN88,CHEMBL87369,0,0,2.843773e-15
P41145,CHEMBL106084,0,0,2.359586e-15
P41145,CHEMBL108995,0,0,2.359586e-15
P35499,CHEMBL3085867,0,0,2.1293189e-15
P17342,CHEMBL5175010,0,0,1.9762515e-15
O00206,CHEMBL458612,0,0,1.8508172e-15
P18089,CHEMBL70740,0,0,1.8368485e-15
P25103,CHEMBL419241,0,0,1.7797507e-15
P25103,CHEMBL406613,0,0,1.7797507e-15
P35372,CHEMBL108900,0,0,1.25013e-15
P35372,CHEMBL324895,0,0,1.25013e-15
P41145,CHEMBL107288,0,0,9.604844e-16
P41145,CHEMBL108893,0,0,9.604844e-16
O15399,CHEMBL5421096,0,0,7.688911e-16
O15399,CHEMBL5409770,0,0,4.9129404e-16
P41145,CHEMBL110379,0,0,3.942632e-16
P41145,CHEMBL106190,0,0,3.942632e-16
P25103,CHEMBL337987,0,0,3.210526e-16
P25103,CHEMBL125385,0,0,3.210526e-16
Q8N1C3,CHEMBL1687,0,0,3.0605616e-16
P35367,CHEMBL104994,0,0,2.918682e-16
P35499,CHEMBL444700,0,0,2.6612436e-16
P35499,CHEMBL448542,0,0,2.6612436e-16
P78334,CHEMBL1687,0,0,2.2728636e-16
O00591,CHEMBL1687,0,0,1.6825089e-16
O00206,CHEMBL537642,0,0,1.2625949e-16
P46098,CHEMBL231047,0,0,7.794959e-17
Q9UN88,CHEMBL1687,0,0,6.775944e-17
P18089,CHEMBL302698,0,0,6.471919e-17
P35499,CHEMBL3085870,0,0,2.5824167e-17
P17342,CHEMBL5174129,0,0,2.4820936e-17
P35499,CHEMBL3085866,0,0,1.5167237e-17
P35499,CHEMBL3085875,0,0,9.594288e-18
P25103,CHEMBL334304,0,0,8.183983e-18
P25103,CHEMBL339444,0,0,8.183983e-18
P35499,CHEMBL3085873,0,0,5.1452173e-18
P41145,CHEMBL324895,0,0,3.9927107e-18
P41145,CHEMBL108900,0,0,3.9927107e-18
P28566,CHEMBL476838,0,0,3.886452e-18
P28566,CHEMBL490633,0,0,3.7610343e-18
P35367,CHEMBL157843,0,0,3.58578e-18
P35367,CHEMBL154566,0,0,3.58578e-18
P35367,CHEMBL154047,0,0,3.58578e-18
P35499,CHEMBL3085871,0,0,2.0707826e-18
P28566,CHEMBL515472,0,0,2.042134e-18
P28566,CHEMBL402143,0,0,2.042134e-18
Q9Y5Y9,CHEMBL1162028,0,0,1.905527e-18
P35499,CHEMBL3085879,0,0,1.3461379e-18
P28566,CHEMBL476839,0,0,3.5948036e-19
P35499,CHEMBL3085872,0,0,1.4629416e-19
P35499,CHEMBL3085878,0,0,1.3808588e-20
P35499,CHEMBL3085874,0,0,1.12515975e-20
P35499,CHEMBL3085880,0,0,1.0065644e-21
P46098,CHEMBL1180293,0,0,9.889722e-23
P35499,CHEMBL3085868,0,0,2.5018943e-25
P35499,CHEMBL3085877,0,0,1.0691977e-25
P46098,CHEMBL388212,0,0,2.3717984e-28
P46098,CHEMBL388048,0,0,4.5734262e-32
P46098,CHEMBL389120,0,0,4.2476856e-35
P46098,CHEMBL415568,0,0,1.4381017e-36
P46098,CHEMBL388046,0,0,1.0063725e-36
P46098,CHEMBL396705,0,0,1.9463926e-37
P46098,CHEMBL229998,0,0,9.1959315e-38
P46098,CHEMBL395960,0,0,3.4049263e-38
P46098,CHEMBL231056,0,0,1.483744e-39
P46098,CHEMBL415569,0,0,5.05766e-40
P46098,CHEMBL230952,0,0,5.3178e-41
P46098,CHEMBL388049,0,0,2.089e-41
P46098,CHEMBL415570,0,0,4.27e-43
